tempo_s;tDHT_C;hDHT_%;ax;ay;az;gx;gy;gz;tBMP_C;pBMP_hPa;gas_ppm
3;18.10;82.0;1538;0.13;-0.23;9.74;0.58;1.00;-5.24;17.31;1013.8;0.1
23;18.10;82.3;0;0.18;-0.66;9.59;-1.22;2.10;12.22;17.28;1013.8;0.1
43;18.80;78.8;1538;-0.40;-1.10;9.25;-0.74;1.30;-1.35;17.24;1013.7;0.1
64;19.30;75.8;0;-0.28;-1.00;9.10;-0.66;0.94;1.99;17.20;1013.7;0.1
84;19.50;74.5;1544;-0.39;-1.07;9.10;-0.77;0.95;5.03;17.22;1013.8;0.1
105;19.70;73.5;0;-0.02;-0.51;9.23;-0.66;1.30;3.13;17.23;1013.8;0.1
125;19.90;72.9;1544;-0.14;-0.37;9.44;2.14;1.87;-19.24;17.23;1013.8;0.1
146;20.00;72.4;0;0.21;-0.43;9.33;-0.39;-0.37;-1.28;17.24;1013.8;0.1
166;20.10;72.1;1550;-0.22;-0.73;9.18;-0.44;0.99;-1.84;17.26;1013.8;0.1
187;20.20;71.9;0;0.35;0.05;9.52;-0.13;0.80;-1.72;17.26;1013.8;0.1
207;20.30;71.2;1550;0.09;-0.22;9.17;-0.31;1.18;-2.57;17.27;1013.8;0.1
228;20.40;70.8;0;0.25;0.00;9.26;0.19;1.35;-2.85;17.27;1013.7;0.1
248;20.40;70.3;1550;0.18;-0.81;9.42;-2.32;0.35;5.92;17.27;1013.8;0.1
269;20.40;70.0;0;-0.04;-0.64;8.95;-0.09;1.10;-2.79;17.25;1013.8;0.1
289;20.40;69.8;1550;0.12;-0.39;8.96;0.21;1.22;-3.69;17.25;1013.7;0.1
310;20.50;69.4;0;0.05;-0.51;8.92;0.03;1.27;-3.48;17.22;1013.7;0.1
330;20.50;69.1;1550;-0.02;-0.62;8.97;0.29;1.40;-5.00;17.18;1013.8;0.1
351;20.50;68.9;0;0.17;-0.23;9.11;-0.28;1.30;-1.88;17.09;1013.8;0.1
371;20.40;69.9;1550;-0.88;-2.20;10.10;0.64;1.22;3.79;17.10;1013.8;0.1
391;20.40;71.1;0;0.37;3.07;10.33;0.18;2.10;-1.36;17.20;1013.8;0.1
411;20.40;71.0;1544;-0.01;3.15;11.06;-1.12;0.20;-2.28;17.10;1013.8;0.1
432;20.40;69.6;0;0.40;2.84;10.22;0.75;-1.80;-4.36;17.13;1013.8;0.1
452;20.40;69.5;1550;0.42;3.29;10.14;0.11;0.89;-2.23;17.19;1013.8;0.1
473;20.50;70.1;0;0.44;3.17;10.06;-0.21;1.20;-2.34;17.17;1013.9;0.1
493;20.50;68.7;1563;0.39;3.15;10.10;-0.21;1.22;-2.44;17.13;1013.8;0.1
514;20.50;68.2;0;0.42;3.13;10.15;-0.29;1.22;-2.27;17.10;1013.9;0.1
tempo_s;tDHT_C;hDHT_%;ax;ay;az;gx;gy;gz;tBMP_C;pBMP_hPa;gas_ppm
3;17.90;77.9;1556;-0.04;-0.52;9.81;-5.00;-4.06;7.63;17.74;1013.8;0.1
23;18.00;77.9;0;0.89;0.70;7.27;-0.24;-4.06;2.26;17.73;1013.8;0.1
43;18.90;76.4;1556;0.66;-0.34;8.84;-0.18;1.34;3.31;17.82;1013.8;0.1
64;19.40;74.6;0;0.65;0.16;7.86;1.18;-1.32;-0.81;17.93;1013.7;0.1
84;19.90;74.1;1569;0.56;0.06;7.79;0.27;0.91;0.46;17.98;1013.8;0.1
105;20.20;73.0;0;0.53;0.10;7.67;0.46;0.08;0.20;17.97;1013.8;0.1
125;20.40;71.1;1575;0.59;0.08;7.62;0.37;0.61;0.47;17.93;1013.7;0.1
146;20.60;69.9;0;0.48;0.07;7.81;0.54;0.39;0.22;17.98;1013.8;0.1
166;20.80;70.0;1581;0.22;0.05;7.59;0.84;1.43;0.90;17.96;1013.8;0.1
187;20.90;70.2;0;0.65;0.03;8.36;1.32;4.54;1.99;17.94;1013.8;0.1
207;21.00;69.0;1588;0.58;0.35;8.04;0.83;-3.12;-1.17;17.95;1013.7;0.1
228;21.20;69.8;0;0.61;0.12;7.62;0.60;0.12;0.25;18.01;1013.8;0.1
248;21.30;69.4;1813;0.43;0.34;8.53;0.84;0.47;4.27;17.99;1013.8;0.1
269;21.40;67.8;0;0.48;0.41;7.56;0.34;-3.08;0.66;18.05;1013.8;0.1
289;21.40;67.2;1894;0.49;0.01;7.69;0.63;-1.13;-0.89;18.08;1013.8;0.1
310;21.50;66.5;0;1.88;0.82;8.47;-12.86;18.36;-10.30;18.18;1013.8;0.1
330;21.60;66.8;1831;0.54;0.17;7.72;0.82;-0.58;-0.44;18.26;1013.8;0.1
351;21.70;67.4;0;0.50;0.20;7.71;0.63;0.57;0.26;18.23;1013.8;0.1
371;21.70;65.0;1763;0.56;-0.04;7.66;0.43;1.07;1.03;18.17;1013.8;0.1
391;21.70;64.4;0;0.87;-0.00;7.80;0.74;-0.84;-0.23;18.18;1013.8;0.1
411;21.70;64.9;1775;0.32;1.72;8.64;0.77;2.69;0.39;18.30;1013.9;0.1
432;21.70;68.5;0;0.53;0.68;8.08;0.65;0.61;-0.07;18.49;1013.8;0.1
452;21.80;68.7;1719;0.30;0.82;6.62;-1.90;10.67;-1.02;18.59;1013.8;0.1
473;21.90;67.4;0;0.12;2.67;6.89;1.59;1.78;-1.52;18.77;1013.8;0.1
493;22.00;68.6;1681;0.56;1.67;6.67;0.89;0.53;0.23;18.74;1013.8;0.1
514;22.10;64.8;0;0.59;1.59;6.70;0.58;0.43;0.29;18.65;1013.7;0.1
534;22.00;63.6;1669;0.29;-0.92;8.37;-13.28;3.18;1.06;18.78;1013.8;0.1
555;22.00;64.0;0;0.83;0.49;8.42;0.68;-1.57;-1.46;18.88;1013.8;0.1
575;22.00;65.5;1675;0.24;0.36;8.24;0.68;-0.41;0.47;19.03;1013.9;0.1
596;22.00;71.4;0;0.09;0.18;7.59;0.50;-2.42;-0.51;19.05;1013.8;0.1
616;22.00;65.3;1656;0.44;0.30;7.54;1.44;2.00;2.71;19.16;1013.8;0.1
637;22.00;65.1;0;0.02;0.67;7.73;0.47;0.71;0.21;19.20;1013.8;0.1
657;22.00;64.2;1663;0.51;0.66;7.96;0.25;0.68;0.21;19.21;1013.8;0.1
678;22.00;63.8;0;0.17;1.35;8.96;2.29;-7.37;-10.43;19.51;1013.9;0.1
tempo_s;tDHT_C;hDHT_%;ax;ay;az;gx;gy;gz;tBMP_C;pBMP_hPa;gas_ppm
3;20.20;69.9;1694;-0.88;-1.22;10.63;-1.26;-1.33;-1.24;19.73;1013.9;0.1
23;20.30;70.8;0;0.01;0.04;9.51;-0.83;-0.20;0.43;19.69;1013.9;0.1
43;21.00;69.3;1731;-0.01;0.08;9.88;-2.84;0.16;-0.42;19.65;1013.9;0.1
64;21.50;69.2;0;0.06;0.15;9.74;-0.58;0.60;-0.15;19.71;1013.9;0.1
84;21.70;70.0;1719;0.26;-0.08;9.31;-1.32;0.30;0.60;19.68;1013.8;0.1
105;21.90;67.5;0;0.13;-0.18;9.38;-1.00;0.19;0.53;19.62;1013.9;0.1
125;21.90;64.9;1713;0.17;-0.14;9.42;-0.84;0.05;0.47;19.51;1013.8;0.1
146;21.90;63.6;0;0.09;0.38;8.61;-0.00;-1.21;1.51;19.42;1013.8;0.1
166;21.90;63.2;1688;0.13;0.04;9.44;-0.90;-1.02;-0.40;19.42;1013.8;0.0
187;21.90;65.1;0;0.09;-0.11;9.12;-1.10;-0.10;0.51;19.36;1013.8;0.1
207;22.00;64.2;1681;0.11;-0.35;9.23;-0.96;0.73;-0.30;19.33;1013.8;0.1
228;22.00;63.2;0;0.10;0.04;9.37;-1.28;0.15;0.49;19.26;1013.8;0.1
248;22.10;62.6;1669;0.16;-0.25;9.40;-1.06;0.04;0.33;19.20;1013.8;0.1
269;22.00;62.6;0;-0.01;0.09;9.31;-1.13;-0.04;0.35;19.14;1013.9;0.1
289;22.00;62.7;1650;0.16;-0.23;9.29;-0.36;0.00;5.18;19.14;1013.8;0.1
310;22.00;64.0;0;0.21;-0.04;9.15;-0.89;-0.03;0.51;19.14;1013.8;0.1
330;22.00;65.6;1663;0.09;-0.39;8.79;-1.17;0.40;0.48;19.17;1013.8;0.1
351;22.10;65.1;0;0.16;-0.12;9.26;-0.52;-0.01;0.53;19.22;1013.9;0.1
371;22.10;65.0;1644;0.10;-0.15;9.30;-0.81;-0.24;0.44;19.30;1013.8;0.1
391;22.20;66.1;0;0.11;-0.14;9.35;-1.10;-0.62;0.51;19.30;1013.8;0.1
411;22.20;65.7;1638;0.16;-0.24;9.22;-1.01;-0.03;0.44;19.26;1013.8;0.1
432;22.30;64.3;0;0.17;-0.25;9.18;-1.00;-0.16;0.57;19.22;1013.8;0.1
452;22.30;63.7;1619;0.12;-0.26;9.26;-0.74;0.00;0.38;19.22;1013.8;0.1
473;22.30;63.7;0;0.17;-0.23;9.24;-1.06;-0.32;0.45;19.18;1013.9;0.1
493;22.20;63.2;1600;0.12;-0.31;9.21;-0.83;0.02;0.28;19.16;1013.8;0.1
514;22.20;63.2;0;0.10;-0.18;9.22;-1.20;-0.12;0.56;19.12;1013.8;0.1
534;22.20;63.1;1594;0.03;-0.15;9.40;-0.87;-0.02;0.39;19.11;1013.8;0.1
555;22.10;64.3;0;0.10;-0.17;9.37;-1.07;-0.16;0.46;19.07;1013.8;0.1
575;22.10;64.0;1613;0.07;-0.31;9.60;-0.81;1.60;-0.28;19.05;1013.9;0.1
596;22.00;64.4;0;0.29;-0.02;9.76;-0.78;0.88;1.02;19.04;1013.8;0.1
616;22.10;64.9;1625;0.39;-0.37;9.18;7.42;1.31;0.96;19.12;1013.8;0.1
637;22.10;65.3;0;0.12;-0.30;9.36;-0.77;-0.04;0.67;19.18;1013.8;0.1
657;22.10;65.2;1675;0.15;0.05;9.18;-1.19;-0.09;0.54;19.09;1013.8;0.1
678;22.10;64.9;0;0.11;-0.08;9.43;-0.92;-0.11;0.38;19.00;1013.7;0.1
698;22.00;64.5;1656;0.12;-0.12;9.24;-0.97;-0.06;0.34;18.92;1013.8;0.1
718;22.00;64.6;0;0.14;-0.17;9.23;-0.68;-0.11;0.53;18.86;1013.8;0.1
739;21.90;64.4;1638;0.12;-0.14;9.29;-1.07;-0.16;0.44;18.83;1013.8;0.1
759;21.90;64.2;0;0.10;-0.12;9.23;-0.93;-0.17;0.43;18.81;1013.8;0.1
779;21.90;64.4;1625;0.18;-0.22;9.20;-0.70;0.04;0.54;18.80;1013.8;0.1
800;21.90;64.3;0;0.40;-0.27;9.11;-1.81;-0.23;-0.62;18.74;1013.8;0.1
820;21.90;64.3;1600;0.68;-0.05;9.51;-1.12;0.82;0.71;18.71;1013.8;0.1
841;21.80;64.1;0;0.16;-0.11;9.22;-0.93;-0.12;0.42;18.60;1013.9;0.1
861;21.90;64.0;1600;0.16;-0.13;9.18;-1.05;-0.12;0.32;18.54;1013.8;0.1
882;21.90;63.8;0;0.17;-0.14;9.25;-1.01;-0.14;0.51;18.39;1013.8;0.0
902;21.90;63.9;1594;0.10;-0.10;9.31;-1.03;-0.03;0.41;18.33;1013.8;0.1
923;21.90;63.9;0;0.12;-0.06;9.17;-1.04;0.06;0.54;18.29;1013.8;0.0
943;21.90;64.0;1588;0.13;-0.09;9.33;-0.96;0.09;0.44;18.20;1013.8;0.0
964;21.90;64.0;0;0.19;-0.12;9.21;-0.94;0.09;0.45;18.17;1013.8;0.1
984;21.90;64.1;1588;0.15;-0.17;9.19;-0.97;-0.14;0.27;18.14;1013.8;0.1
1005;21.80;64.1;0;0.15;-0.09;9.28;-0.96;-0.07;0.38;18.17;1013.8;0.1
1025;21.80;64.3;1575;-0.56;-0.21;8.99;-0.98;-2.27;-0.07;18.20;1013.8;0.1
1046;21.80;64.4;0;0.10;-0.13;9.27;-1.00;-0.50;0.38;18.20;1013.8;0.1
1066;21.80;64.6;1575;-0.01;-0.25;9.05;-0.95;-0.43;-0.17;18.21;1013.8;0.1
1086;21.70;64.8;0;0.20;-0.13;9.24;-1.04;0.10;0.87;18.19;1013.8;0.1
1107;21.70;64.6;1581;0.10;-0.39;9.23;-1.34;0.01;-0.05;18.20;1013.8;0.1
1127;21.70;64.7;0;0.14;-0.12;9.07;-1.19;0.15;0.36;18.26;1013.9;0.1
1147;21.80;64.7;1575;-0.06;-1.02;9.97;2.59;1.28;-2.24;18.32;1013.7;0.1
1168;21.90;64.7;0;0.05;1.34;9.87;-18.25;-8.51;8.99;18.40;1013.7;0.1
1188;21.90;64.6;1594;-0.18;0.68;9.76;-17.51;-2.79;5.27;18.47;1013.8;0.1
1209;21.90;64.5;0;0.10;-0.72;8.60;-0.35;-0.49;1.25;18.52;1013.8;0.1
1229;22.00;64.5;1625;0.36;-1.72;9.14;25.15;-4.45;-3.16;18.59;1013.8;0.1
1250;22.10;64.4;0;0.48;-0.94;9.80;30.87;5.19;9.06;18.64;1013.7;0.1
1270;22.10;64.3;1619;0.17;-0.07;9.13;-1.19;-0.84;0.29;18.70;1013.8;0.1
1291;22.20;64.2;0;0.16;0.53;7.98;-0.72;0.15;0.45;18.76;1013.8;0.1
1311;22.20;64.1;1625;0.29;0.46;8.30;-1.14;0.54;-0.18;18.83;1013.9;0.1
1332;22.30;64.0;0;0.06;0.47;8.38;-1.55;-1.73;0.72;18.87;1013.8;0.1
1352;22.40;63.9;1631;0.39;-0.22;8.10;-25.91;-5.31;6.83;18.93;1013.8;0.1
1373;22.40;63.7;0;0.59;0.82;8.06;-0.42;1.63;-4.95;18.98;1013.8;0.1
1393;22.50;63.6;1631;0.55;0.11;11.32;5.17;-10.52;-2.13;19.04;1013.8;0.1
1414;22.60;63.5;0;0.20;1.26;8.41;-0.19;6.93;-3.86;19.09;1013.8;0.1
1434;22.60;63.3;1625;0.25;-0.17;9.21;-1.97;-14.20;-4.13;19.14;1013.8;0.1
1454;22.70;63.2;0;-0.67;0.69;8.12;1.55;-4.78;4.91;19.19;1013.8;0.1
1474;22.80;63.0;1619;0.36;-0.37;8.57;-1.39;-0.09;0.47;19.24;1013.8;0.1
1495;22.80;62.9;0;-1.95;-0.66;7.58;-12.04;-4.00;-8.40;19.28;1013.8;0.1
1515;22.90;62.8;1650;0.52;-1.00;9.93;-2.28;-2.82;3.71;19.33;1013.8;0.1
1536;22.90;62.6;0;-1.74;0.45;9.24;-6.29;-23.22;-8.46;19.39;1013.8;0.1
1556;23.00;62.6;1638;0.92;-0.70;9.55;2.27;-16.65;-7.11;19.43;1013.8;0.1
1577;23.00;62.4;0;1.29;-0.65;8.61;1.22;9.31;-1.65;19.48;1013.9;0.1
1597;23.10;62.3;1631;0.14;-0.21;8.72;-0.71;1.05;0.28;19.52;1013.8;0.1
1618;23.10;62.2;0;0.31;-0.58;8.55;-1.16;-13.69;-4.73;19.56;1013.8;0.1
1638;23.20;62.1;1631;0.48;-0.50;8.43;-4.11;-2.10;1.03;19.61;1013.8;0.1
1659;23.20;62.0;0;-0.13;-1.01;8.86;-2.17;0.00;1.33;19.65;1013.9;0.1
1679;23.30;61.9;1631;0.15;-0.82;8.75;-1.26;6.22;5.64;19.69;1013.9;0.1
1700;23.30;61.8;0;0.39;-0.80;8.44;-1.47;-3.30;-5.95;19.73;1013.9;0.1
1720;23.30;61.8;1644;0.04;-0.91;9.79;-0.87;0.11;0.09;19.77;1013.9;0.1
1741;23.40;61.7;0;0.08;-0.95;9.68;-1.06;-0.11;0.89;19.81;1014.0;0.1
1761;23.40;61.6;1650;0.04;-0.88;9.67;-0.68;-0.53;0.41;19.84;1013.9;0.1
1782;23.50;61.5;0;0.09;-1.06;9.63;-1.29;0.48;-1.01;19.88;1013.9;0.1
1802;23.60;61.4;1669;0.20;-0.89;9.73;-1.10;0.15;0.27;19.93;1013.9;0.1
1822;23.60;61.2;0;0.04;-1.01;9.74;-0.77;-0.04;0.64;19.96;1013.9;0.1
1842;23.60;61.1;1681;0.00;-0.98;9.77;-1.01;-0.01;0.52;20.00;1014.0;0.1
1863;23.70;61.1;0;0.46;-0.30;8.26;1.83;-4.72;-7.09;20.05;1014.0;0.1
1883;23.70;61.0;1688;0.37;-0.80;9.02;0.74;-3.93;-1.11;20.08;1014.0;0.1
1904;23.80;60.9;0;0.38;-0.76;8.56;-4.06;-21.82;-15.28;20.11;1013.9;0.1
1924;23.80;60.9;1700;0.29;-0.80;9.50;2.74;3.94;1.31;20.16;1014.0;0.1
1945;23.80;60.8;0;0.22;-0.64;8.51;-1.06;0.07;0.60;20.18;1014.0;0.1
1965;23.90;60.7;1706;0.22;-0.60;8.43;-0.78;0.04;0.54;20.20;1013.9;0.1
1986;23.90;60.6;0;-0.85;-0.45;8.55;24.33;5.64;3.06;20.24;1014.0;0.1
2006;23.90;60.6;1719;-0.40;-1.30;11.13;-0.70;-0.11;0.54;20.27;1013.9;0.1
2027;24.00;60.5;0;-0.42;-1.17;11.20;-0.81;0.21;0.50;20.31;1013.9;0.1
2047;24.00;60.4;1725;-0.79;-0.10;9.52;31.21;6.31;3.16;20.34;1014.0;0.1
2068;24.00;60.4;0;0.25;-0.71;8.66;-1.36;-1.01;0.01;20.37;1014.0;0.1
2088;24.00;60.3;1700;0.21;-0.61;8.64;-0.93;-0.05;0.37;20.40;1014.0;0.1
2109;24.10;60.3;0;0.12;-0.71;8.62;-0.28;1.53;-1.08;20.42;1014.1;0.1
2129;24.10;60.3;1706;0.21;-0.64;8.54;-1.07;-0.02;0.48;20.47;1014.0;0.1
2150;24.10;60.3;0;0.19;-0.61;8.58;-0.93;0.02;0.39;20.48;1014.0;0.1
2170;24.20;60.2;1700;0.20;-0.66;8.55;-0.93;-0.10;0.55;20.52;1014.0;0.1
2190;24.20;60.1;0;0.19;-0.64;8.62;-1.00;0.02;0.54;20.54;1014.0;0.1
2210;24.20;60.1;1706;0.23;-0.61;8.64;-1.05;0.08;0.42;20.58;1014.0;0.1
2231;24.30;60.0;0;0.23;-0.60;8.62;-0.90;0.05;0.39;20.59;1014.1;0.1
2251;24.30;60.0;1694;0.04;0.31;10.14;-47.79;-9.75;15.82;20.62;1014.1;0.1
2272;24.30;59.9;0;-0.53;0.47;9.79;-21.57;135.41;-102.59;20.65;1014.1;0.1
2292;24.30;59.9;1619;0.26;-0.83;9.50;-0.34;2.15;1.66;20.67;1014.4;0.0
2313;24.30;59.9;0;0.20;-0.72;9.01;-0.86;0.09;0.40;20.69;1014.4;0.0
2333;24.30;59.9;1625;0.16;-0.74;9.02;-0.93;0.15;0.47;20.70;1014.4;0.0
2354;24.30;59.8;0;0.15;-0.72;8.99;-0.95;0.02;0.31;20.73;1014.4;0.0
2374;24.30;59.8;1619;0.18;-0.68;9.02;-0.87;0.02;0.48;20.75;1014.4;0.0
2395;24.30;59.8;0;0.23;-0.72;8.99;-0.80;-0.27;0.50;20.76;1014.4;0.0
2415;24.30;59.7;1613;0.21;-0.73;9.04;-1.00;0.08;0.49;20.77;1014.3;0.0
2436;24.40;59.7;0;0.18;-0.68;9.03;-0.97;-0.03;0.44;20.80;1014.4;0.0
2456;24.40;59.6;1600;0.15;-0.72;9.00;-0.99;0.16;0.57;20.81;1014.3;0.0
2477;24.40;59.6;0;0.19;-0.73;9.01;-0.93;0.12;0.53;20.82;1014.4;0.0
2497;24.40;59.6;1594;0.11;-0.75;8.96;-1.03;-0.07;0.34;20.82;1014.4;0.0
2517;24.40;59.5;0;0.12;-0.67;8.99;-0.93;0.06;0.41;20.82;1014.4;0.1
2538;24.40;59.5;1588;0.21;-0.69;8.99;-1.03;0.09;0.41;20.84;1014.4;0.1
2558;24.40;59.5;0;0.14;-0.73;9.01;-1.04;-0.07;0.44;20.85;1014.5;0.1
2578;24.30;59.5;1588;0.21;-0.69;9.01;-0.90;-0.11;0.47;20.86;1014.4;0.1
2599;24.30;59.5;0;0.87;-0.54;8.77;-16.06;5.58;-3.29;20.85;1014.4;0.1
2619;24.30;59.5;1575;0.16;-0.23;9.05;-1.01;0.02;0.27;20.85;1014.4;0.1
2640;24.30;59.5;0;0.17;-0.21;9.02;-0.87;-0.04;0.34;20.86;1014.4;0.1
2660;24.30;59.5;1563;0.16;-0.32;8.92;-1.07;0.16;0.52;20.87;1014.5;0.1
2681;24.30;59.5;0;0.16;-0.22;9.00;-0.87;0.05;0.41;20.87;1014.5;0.1
2701;24.30;59.5;1556;0.18;-0.30;8.91;-0.96;-0.06;0.44;20.88;1014.4;0.1
2722;24.20;59.5;0;0.48;-0.16;9.21;-0.36;-3.91;-1.08;20.89;1014.4;0.1
2742;24.20;59.5;1550;0.17;-0.24;8.77;-0.90;-0.31;0.47;20.89;1014.4;0.1
2763;24.20;59.6;0;-0.06;-0.26;8.98;-1.19;2.31;1.80;20.90;1014.4;0.1
2783;24.20;59.6;1550;0.15;-0.29;8.94;-0.86;0.23;0.42;20.90;1014.5;0.1
2804;24.20;59.6;0;0.13;-0.25;9.07;-1.00;-0.06;0.63;20.91;1014.5;0.1
2824;24.20;59.6;1538;0.15;-0.26;9.08;-1.10;-0.23;0.36;20.91;1014.5;0.1
2845;24.10;59.7;0;0.17;-0.28;9.00;-0.99;0.19;0.39;20.92;1014.4;0.1
2865;24.10;59.7;1550;0.07;-0.53;9.26;-0.68;-2.20;-0.90;20.91;1014.5;0.1
2885;24.10;59.7;0;0.20;-0.46;9.16;-1.01;0.20;0.76;20.92;1014.5;0.1
2906;24.10;59.8;1544;0.16;-0.49;9.20;-0.97;-1.49;-0.11;20.93;1014.5;0.1
2926;24.10;59.8;0;-0.12;-1.14;10.23;2.87;2.93;-6.69;20.93;1014.5;0.1
2946;24.10;59.8;1556;0.16;-0.23;9.14;-0.81;0.00;0.11;20.93;1014.6;0.1
2967;24.00;59.9;0;0.15;-0.15;8.64;-0.84;0.94;-0.32;20.93;1014.6;0.1
2987;24.10;59.9;1556;0.61;0.07;9.25;0.64;-0.98;-3.44;20.93;1014.5;0.1
3008;24.00;60.0;0;0.18;-0.18;9.12;-0.96;-0.07;0.39;20.91;1014.5;0.1
3028;24.00;60.0;1569;0.12;-0.18;9.09;-0.90;0.00;0.45;20.91;1014.5;0.1
3049;24.00;60.0;0;0.17;-0.19;9.16;-0.94;-0.14;0.48;20.92;1014.5;0.1
3069;24.00;60.1;1563;0.11;-0.18;9.19;-0.93;0.09;0.29;20.92;1014.5;0.1
3090;24.00;60.1;0;0.18;-0.18;9.11;-0.84;0.03;0.37;20.92;1014.5;0.1
3110;24.00;60.1;1556;0.10;-0.06;9.11;-0.95;0.04;0.42;20.93;1014.6;0.1
3131;24.00;60.1;0;0.14;-0.14;9.18;-0.88;0.14;0.51;20.94;1014.5;0.1
3151;24.00;60.1;1556;0.10;-0.12;9.09;-0.77;0.04;0.45;20.92;1014.5;0.1
3172;24.00;60.2;0;0.19;-0.08;9.23;-1.13;0.10;0.54;20.93;1014.5;0.1
3192;23.90;60.2;1556;0.14;-0.17;9.05;-1.02;-0.06;0.51;20.93;1014.5;0.1
3213;23.90;60.2;0;0.16;-0.18;9.15;-0.96;-0.10;0.53;20.94;1014.5;0.1
3233;23.90;60.2;1569;0.16;-0.18;9.14;-1.10;0.32;0.47;20.93;1014.5;0.1
3253;23.90;60.3;0;0.16;-0.15;9.14;-0.85;-0.11;0.51;20.94;1014.6;0.1
3273;23.90;60.3;1581;0.16;-0.15;9.14;-1.07;0.06;0.49;20.94;1014.6;0.1
3294;23.90;60.3;0;0.11;-0.12;9.12;-1.02;0.11;0.35;20.94;1014.5;0.1
3314;23.90;60.3;1575;0.05;-0.61;9.50;-1.04;-0.01;0.44;20.92;1014.5;0.1
3335;23.90;60.4;0;0.10;-0.64;9.54;-0.76;0.09;0.38;20.90;1014.5;0.1
3355;23.90;60.4;1594;0.02;-0.58;9.54;-0.95;-0.01;0.44;20.91;1014.5;0.1
3376;23.90;60.4;0;0.04;-0.63;9.61;-1.01;0.27;0.55;20.90;1014.5;0.1
3396;23.90;60.4;1606;0.01;-0.57;9.55;-1.12;-0.09;0.40;20.91;1014.5;0.1
3417;23.90;60.4;0;0.09;-0.59;9.47;-1.02;0.12;0.38;20.91;1014.5;0.1
3437;23.90;60.4;1606;0.06;-0.59;9.54;-0.96;-0.02;0.38;20.91;1014.5;0.1
3458;23.90;60.4;0;0.06;-0.61;9.56;-0.85;0.09;0.52;20.91;1014.5;0.1
3478;23.90;60.5;1594;0.06;-0.60;9.52;-0.98;0.08;0.47;20.91;1014.5;0.1
3499;23.90;60.5;0;0.01;-0.61;9.55;-0.94;0.08;0.43;20.91;1014.5;0.1
3519;23.80;60.5;1600;0.07;-0.60;9.45;-1.00;-0.18;0.61;20.92;1014.5;0.1
3540;23.90;60.5;0;0.06;-0.57;9.54;-0.94;0.11;0.39;20.91;1014.4;0.1
3560;23.80;60.6;1606;0.09;-0.63;9.46;-0.96;0.07;0.41;20.92;1014.5;0.1
3581;23.80;60.6;0;0.11;-0.53;9.55;-1.02;0.00;0.55;20.91;1014.5;0.1
3601;23.90;60.6;1600;0.10;-0.56;9.50;-0.98;0.09;0.33;20.92;1014.6;0.1
3621;23.80;60.6;0;0.08;-0.55;9.47;-0.89;0.10;0.37;20.92;1014.5;0.1
3641;23.80;60.6;1594;0.13;-0.59;9.53;-1.06;-0.07;0.51;20.92;1014.5;0.1
3662;23.80;60.6;0;0.04;-0.54;9.52;-0.96;0.12;0.44;20.92;1014.5;0.1
3682;23.80;60.7;1600;0.06;-0.59;9.50;-1.15;0.05;0.41;20.93;1014.6;0.1
3703;23.80;60.7;0;0.13;-0.59;9.51;-0.98;0.00;0.51;20.92;1014.6;0.1
3723;23.80;60.7;1594;0.00;-0.57;9.55;-0.98;0.18;0.44;20.93;1014.5;0.1
3744;23.80;60.7;0;0.09;-0.53;9.57;-0.86;0.05;0.63;20.92;1014.6;0.1
3764;23.80;60.7;1594;0.07;-0.55;9.54;-1.04;0.00;0.37;20.93;1014.6;0.1
3785;23.80;60.7;0;0.05;-0.59;9.48;-1.05;0.05;0.45;20.91;1014.6;0.1
3805;23.80;60.8;1600;0.06;-0.61;9.50;-0.77;0.14;0.43;20.92;1014.6;0.1
3826;23.80;60.8;0;0.07;-0.55;9.52;-0.97;0.06;0.43;20.91;1014.5;0.1
3846;23.80;60.8;1600;0.09;-0.58;9.51;-0.94;-0.14;0.54;20.91;1014.6;0.1
3867;23.80;60.8;0;0.12;-0.54;9.45;-0.98;0.02;0.44;20.91;1014.6;0.1
3887;23.80;60.8;1600;0.05;-0.59;9.55;-1.05;0.09;0.54;20.91;1014.5;0.1
3908;23.70;60.9;0;0.10;-0.59;9.45;-1.01;-0.01;0.34;20.91;1014.6;0.1
3928;23.80;60.9;1606;0.04;-0.61;9.42;-0.91;-0.02;0.34;20.92;1014.6;0.1
3948;23.70;60.9;0;0.11;-0.61;9.55;-0.97;0.05;0.54;20.91;1014.6;0.1
3969;23.80;60.9;1606;0.05;-0.54;9.56;-1.01;-0.05;0.47;20.91;1014.6;0.1
3989;23.70;61.0;0;0.09;-0.57;9.54;-1.06;0.00;0.34;20.91;1014.6;0.1
4009;23.70;61.0;1606;0.05;-0.63;9.50;-0.91;0.09;0.46;20.92;1014.6;0.1
4030;23.70;61.0;0;0.05;-0.59;9.59;-0.93;0.02;0.39;20.91;1014.5;0.1
4050;23.70;61.0;1606;0.05;-0.59;9.56;-1.05;-0.01;0.41;20.91;1014.6;0.1
4071;23.70;61.0;0;0.12;-0.58;9.55;-0.96;-0.15;0.38;20.91;1014.6;0.1
4091;23.70;61.0;1600;0.15;-0.54;9.49;-0.99;-0.01;0.47;20.90;1014.6;0.1
4112;23.70;61.0;0;0.13;-0.60;9.45;-0.93;0.07;0.44;20.90;1014.6;0.1
4132;23.70;61.0;1606;0.05;-0.63;9.48;-0.97;0.09;0.55;20.91;1014.6;0.1
4153;23.70;61.1;0;0.06;-0.58;9.47;-0.92;0.02;0.36;20.91;1014.6;0.1
4173;23.70;61.1;1606;0.10;-0.56;9.56;-0.98;-0.12;0.58;20.91;1014.7;0.1
4194;23.70;61.1;0;0.13;-0.56;9.44;-0.97;-0.02;0.48;20.91;1014.6;0.1
4214;23.70;61.1;1619;0.12;-0.57;9.46;-0.88;0.03;0.33;20.90;1014.6;0.1
4235;23.70;61.2;0;0.06;-0.63;9.59;-1.08;0.04;0.38;20.91;1014.6;0.1
4255;23.70;61.2;1625;0.11;-0.53;9.49;-0.90;0.08;0.35;20.91;1014.6;0.1
4276;23.70;61.2;0;0.04;-0.54;9.46;-0.92;0.15;0.46;20.92;1014.6;0.1
4296;23.70;61.2;1619;0.12;-0.59;9.59;-1.00;-0.01;0.44;20.91;1014.6;0.1
4316;23.70;61.2;0;0.07;-0.54;9.51;-1.03;0.12;0.48;20.91;1014.7;0.1
4337;23.70;61.2;1625;0.13;-0.53;9.53;-1.00;0.04;0.51;20.90;1014.6;0.1
4357;23.70;61.3;0;0.11;-0.56;9.52;-0.84;-0.03;0.31;20.92;1014.6;0.1
4377;23.70;61.3;1619;0.13;-0.61;9.42;-0.87;0.05;0.41;20.92;1014.7;0.1
4398;23.70;61.3;0;0.13;-0.63;9.59;-0.88;0.20;0.53;20.92;1014.7;0.1
4418;23.70;61.3;1606;0.04;-0.58;9.51;-0.93;0.00;0.47;20.93;1014.6;0.1
4439;23.70;61.3;0;0.07;-0.53;9.35;-1.50;0.13;1.37;20.94;1014.7;0.1
4459;23.70;61.3;1600;0.17;-0.60;9.22;-0.96;-0.03;0.37;20.91;1014.6;0.1
4480;23.70;61.3;0;-0.33;-0.91;8.39;-3.69;0.97;2.43;20.94;1014.7;0.1
4500;23.70;61.3;1594;0.20;-0.73;9.73;-3.91;-6.21;4.17;20.92;1014.6;0.1
4521;23.70;61.4;0;0.20;-0.91;9.91;-1.19;3.51;-0.19;20.92;1014.6;0.1
4541;23.70;61.4;1594;0.07;-1.06;9.66;-0.67;3.37;1.70;20.92;1014.7;0.1
4562;23.70;61.4;0;0.05;-0.38;9.64;-9.38;8.18;-5.20;20.92;1014.6;0.1
4582;23.70;61.4;1606;-0.05;-0.53;9.48;8.07;1.73;1.94;20.92;1014.6;0.1
4603;23.70;61.5;0;0.04;-0.42;9.60;-3.23;-2.06;7.86;20.92;1014.7;0.1
4623;23.70;61.5;1613;0.45;-0.14;9.22;-1.00;-1.03;3.03;20.91;1014.7;0.1
4644;23.70;61.5;0;0.12;-0.35;9.36;-0.60;1.68;-0.14;20.91;1014.7;0.1
4664;23.70;61.5;1625;0.17;-0.12;9.09;-0.84;-0.07;0.21;20.92;1014.6;0.1
4684;23.80;61.4;0;0.19;-0.21;9.59;-1.44;0.54;0.09;20.94;1014.6;0.1
4704;23.80;61.5;1631;0.04;0.08;9.31;-1.04;0.43;0.95;20.94;1014.7;0.1
4725;23.80;61.4;0;0.19;-0.24;9.19;-1.06;0.10;0.34;20.96;1014.6;0.1
4745;23.80;61.4;1631;0.16;-0.20;9.11;-0.93;0.38;-0.69;20.96;1014.7;0.1
4766;23.80;61.4;0;0.14;-0.02;9.13;-0.92;-0.67;-0.08;20.98;1014.7;0.1
4786;23.80;61.4;1619;0.08;-0.44;9.66;1.88;2.18;-3.70;20.97;1014.6;0.1
4807;23.80;61.4;0;0.15;-1.20;8.86;-0.97;0.29;0.35;20.98;1014.7;0.1
4827;23.80;61.4;1600;0.26;0.01;8.81;-1.11;1.82;1.71;20.97;1014.7;0.1
4848;23.80;61.5;0;-0.11;1.58;9.09;-1.02;-0.30;1.49;20.97;1014.7;0.1
4868;23.80;61.5;1588;0.23;-0.50;8.65;-0.85;0.01;0.50;20.97;1014.6;0.1
4889;23.80;61.5;0;0.19;-0.41;8.55;-0.85;0.04;0.57;20.96;1014.6;0.1
4909;23.90;61.5;1581;0.23;-0.48;8.53;-0.87;0.02;0.37;20.98;1014.7;0.1
4930;23.90;61.5;0;0.24;-0.30;8.33;-1.04;-0.13;0.41;20.97;1014.7;0.1
4950;23.90;61.4;1600;0.07;-0.75;9.06;-0.88;0.17;0.02;20.99;1014.6;0.1
4971;23.90;61.4;0;0.21;-0.69;8.71;-1.13;-0.21;0.26;20.97;1014.6;0.1
4991;23.90;61.4;1606;0.22;-0.81;8.72;-0.87;-0.01;0.30;20.98;1014.7;0.1
5012;23.90;61.3;0;0.18;-0.68;8.70;-0.87;0.05;0.38;20.97;1014.6;0.1
5032;23.90;61.3;1613;0.21;-0.62;8.73;-0.85;0.03;0.47;20.97;1014.7;0.1
5052;24.00;61.3;0;0.13;-0.65;8.69;-0.93;0.12;0.39;20.97;1014.6;0.1
5072;24.00;61.3;1613;0.21;-0.67;8.66;-0.90;0.11;0.45;20.97;1014.7;0.1
5093;24.00;61.3;0;0.24;-0.70;8.61;-0.88;0.15;0.44;20.98;1014.6;0.1
5113;24.00;61.3;1625;0.22;-0.69;8.70;-1.00;-0.06;0.50;20.98;1014.7;0.1
5134;24.00;61.3;0;0.18;-0.68;8.66;-0.67;0.05;0.56;20.99;1014.7;0.1
5154;24.00;61.2;1638;0.19;-0.69;8.79;-0.93;0.12;0.42;20.99;1014.7;0.1
5175;24.00;61.2;0;0.23;-0.73;8.74;-0.84;-0.10;0.51;21.00;1014.7;0.1
5195;24.00;61.3;1650;0.25;-0.68;8.76;-0.92;-0.11;0.58;21.01;1014.6;0.1
5216;24.00;61.3;0;0.17;-0.70;8.70;-0.90;-0.01;0.55;21.01;1014.6;0.1
5236;24.00;61.2;1669;0.15;-0.75;8.66;-0.93;0.05;0.46;21.02;1014.7;0.1
5257;24.10;61.2;0;0.22;-0.72;8.72;-0.90;0.00;0.34;21.02;1014.6;0.1
5277;24.10;61.3;1688;0.20;-0.69;8.74;-0.97;0.05;0.48;21.04;1014.7;0.1
5298;24.10;61.3;0;0.17;-0.69;8.72;-0.84;0.18;0.55;21.04;1014.6;0.1
5318;24.10;61.3;1700;0.16;-0.71;8.69;-0.84;0.13;0.50;21.05;1014.7;0.1
5339;24.10;61.3;0;0.16;-0.66;8.63;-0.94;-0.14;0.50;21.07;1014.6;0.1
5359;24.10;61.3;1688;0.20;-0.75;8.67;-0.99;0.05;0.45;21.08;1014.7;0.1
5379;24.10;61.3;0;0.18;-0.66;8.70;-0.87;0.02;0.48;21.09;1014.7;0.1
5400;24.10;61.3;1700;0.20;-0.71;8.69;-0.89;0.13;0.48;21.10;1014.7;0.1
5420;24.20;61.3;0;0.22;-0.70;8.70;-0.99;0.08;0.37;21.11;1014.7;0.1
5440;24.20;61.3;1713;0.17;-0.63;8.66;-0.75;0.11;0.48;21.12;1014.7;0.1
5461;24.20;61.3;0;0.19;-0.72;8.77;-0.92;0.05;0.47;21.14;1014.7;0.1
5481;24.20;61.3;1731;0.18;-0.67;8.75;-1.15;0.14;0.51;21.16;1014.7;0.1
5502;24.30;61.3;0;0.15;-0.72;8.73;-0.99;0.12;0.38;21.17;1014.7;0.1
5522;24.30;61.2;1719;0.21;-0.73;8.63;-0.87;0.08;0.32;21.19;1014.7;0.1
5543;24.30;61.3;0;0.16;-0.73;8.73;-0.81;0.16;0.34;21.19;1014.7;0.1
5563;24.30;61.2;1738;0.18;-0.72;8.68;-1.05;-0.04;0.31;21.22;1014.7;0.1
5584;24.30;61.3;0;0.22;-0.69;8.74;-0.93;0.11;0.34;21.23;1014.7;0.1
5604;24.40;61.2;1769;0.13;-0.74;8.68;-1.13;0.06;0.53;21.24;1014.8;0.1
5625;24.40;61.2;0;0.22;-0.70;8.75;-0.88;-0.06;0.38;21.25;1014.8;0.1
5645;24.40;61.2;1813;0.22;-0.69;8.67;-0.94;-0.04;0.47;21.27;1014.8;0.1
5666;24.50;61.1;0;0.20;-0.66;8.68;-0.85;0.09;0.41;21.28;1014.8;0.1
5686;24.50;61.1;1819;0.18;-0.72;8.62;-1.07;0.00;0.42;21.30;1014.8;0.1
5707;24.50;61.1;0;0.23;-0.73;8.72;-0.99;0.04;0.48;21.31;1014.8;0.1
5727;24.60;61.0;1819;0.16;-0.70;8.71;-1.01;0.12;0.43;21.33;1014.7;0.1
5747;24.60;61.0;0;0.16;-0.75;8.51;-0.84;-0.10;0.44;21.35;1014.8;0.1
5768;24.60;61.1;1900;0.18;-0.71;8.63;-0.89;0.05;0.44;21.37;1014.7;0.1
5788;24.70;61.0;0;0.26;-0.74;8.69;-0.95;0.12;0.44;21.38;1014.7;0.1
5808;24.70;60.9;1919;0.13;-0.84;8.73;-0.90;0.17;0.50;21.40;1014.7;0.1
5829;24.70;60.8;0;0.13;-0.79;8.70;-0.95;-0.01;0.41;21.41;1014.8;0.1
5849;24.80;60.7;1894;0.20;-0.78;8.76;-1.07;-0.08;0.48;21.44;1014.7;0.1
5870;24.80;60.7;0;0.15;-0.79;8.85;-1.03;0.23;0.51;21.44;1014.8;0.1
5890;24.90;60.7;1869;0.21;-0.78;8.71;-0.91;0.07;0.54;21.47;1014.8;0.1
5911;24.90;60.6;0;0.20;-0.75;8.75;-1.05;0.12;0.51;21.49;1014.8;0.1
5931;24.90;60.6;1844;0.17;-0.73;8.81;-0.92;-0.04;0.43;21.52;1014.8;0.1
5952;25.00;60.5;0;0.21;-0.73;8.82;-0.94;-0.02;0.44;21.54;1014.8;0.0
5972;25.00;60.5;1825;0.23;-0.75;8.73;-0.79;0.11;0.34;21.57;1014.7;0.1
5993;25.10;60.4;0;0.46;-1.27;9.15;-8.39;8.83;-15.75;21.60;1014.7;0.1
6013;25.10;60.3;1819;0.18;-0.66;8.74;-0.91;0.21;0.43;21.62;1014.8;0.1
6034;25.10;60.2;0;0.04;-1.61;10.02;-1.46;2.25;3.15;21.64;1014.7;0.1
6054;25.20;60.3;2050;0.02;0.21;11.34;5.58;23.20;-18.10;21.64;1014.7;0.1
6075;25.20;60.2;0;0.19;-0.40;8.80;-1.06;0.05;0.40;21.66;1014.8;0.1
6095;25.20;60.1;1994;0.17;-0.35;8.77;-0.94;0.00;0.44;21.68;1014.8;0.1
6115;25.20;60.1;0;0.24;-0.38;8.85;-0.84;0.23;0.51;21.70;1014.7;0.1
6135;25.30;60.2;1913;0.16;-0.37;8.87;-0.91;0.22;0.43;21.72;1014.8;0.1
6156;25.30;60.2;0;0.19;-0.37;8.79;-0.98;0.09;0.49;21.73;1014.7;0.1
6176;25.30;60.2;1869;0.24;-0.31;8.87;-0.98;0.19;0.32;21.75;1014.8;0.1
6197;25.30;60.1;0;0.20;-0.39;8.80;-0.91;0.09;0.41;21.77;1014.8;0.1
6217;25.40;60.1;1844;0.17;-0.37;8.89;-0.88;0.21;0.34;21.79;1014.8;0.1
6238;25.40;60.1;0;0.19;-0.34;8.86;-0.96;0.06;0.42;21.81;1014.7;0.1
6258;25.40;60.0;1819;0.19;-0.43;8.85;-0.82;0.16;0.34;21.83;1014.8;0.1
6279;25.40;60.1;0;0.19;-0.40;8.85;-0.84;0.13;0.54;21.85;1014.8;0.1
6299;25.40;60.0;1794;0.15;-0.38;8.86;-0.91;0.19;0.54;21.85;1014.8;0.1
6320;25.40;60.0;0;0.20;-0.41;8.81;-0.95;0.10;0.36;21.87;1014.8;0.1
6340;25.40;60.0;1756;0.22;-0.33;8.81;-0.81;0.10;0.43;21.88;1014.8;0.1
6361;25.40;60.0;0;0.21;-0.37;8.90;-0.79;-0.03;0.34;21.91;1014.9;0.1
6381;25.40;60.0;1750;0.16;-0.35;8.87;-0.94;0.18;0.47;21.91;1014.7;0.1
6402;25.40;60.0;0;0.14;-0.35;8.84;-0.84;-0.07;0.44;21.90;1014.8;0.0
6422;25.40;60.0;1750;0.19;-0.41;8.86;-0.91;0.15;0.28;21.93;1014.7;0.1
6443;25.40;60.0;0;0.16;-0.36;8.79;-0.83;0.02;0.45;21.94;1014.7;0.1
6463;25.40;60.0;1738;0.15;-0.32;8.84;-1.01;0.14;0.45;21.93;1014.8;0.1
6483;25.40;60.0;0;0.21;-0.41;8.88;-0.81;-0.07;0.34;21.94;1014.8;0.1
6503;25.40;60.1;1719;0.23;-0.35;8.82;-0.77;0.09;0.49;21.95;1014.8;0.1
6524;25.40;60.1;0;0.19;-0.37;8.83;-0.84;0.22;0.43;21.96;1014.8;0.1
6544;25.40;60.1;1719;0.15;-0.35;8.97;-0.94;0.18;0.60;21.95;1014.8;0.0
6565;25.40;60.1;0;0.16;-0.40;8.88;-1.00;0.05;0.41;21.97;1014.8;0.1
6585;25.40;60.1;1719;0.10;-0.49;8.33;-0.31;-4.16;0.76;21.96;1014.8;0.1
6606;25.40;60.1;0;0.12;-0.89;8.86;-1.11;0.79;0.83;21.96;1014.8;0.1
6626;25.40;60.1;1725;0.16;-0.47;8.96;-0.88;0.59;0.66;21.97;1014.8;0.1
6647;25.40;60.1;0;0.16;-0.63;8.98;-0.93;-0.20;0.58;21.97;1014.7;0.1
6667;25.30;60.2;1763;-0.07;0.04;9.57;-38.81;-6.04;-14.00;21.96;1014.7;0.1
6688;25.30;60.4;0;-0.32;-0.50;9.16;1.39;4.68;-6.62;21.99;1014.8;0.1
6708;25.30;60.5;1850;0.01;-0.47;9.44;21.84;-3.59;4.64;22.00;1014.8;0.2
6729;25.30;60.7;0;0.20;-0.87;9.77;-32.00;15.35;-18.25;22.01;1006.0;0.2
6749;25.30;60.6;1775;0.77;-0.69;9.71;2.16;-2.69;-8.62;21.98;993.3;0.2
6770;25.30;60.6;0;-0.32;-0.40;9.98;-48.50;4.35;-9.53;21.97;981.2;0.1
6790;25.30;60.5;1763;0.26;-0.85;10.43;57.68;-8.88;3.47;21.97;968.9;0.1
6811;25.30;60.4;0;-0.52;-0.17;9.46;26.90;6.36;5.95;21.98;956.2;0.0
6831;25.20;60.3;1669;0.92;-0.61;9.80;-17.08;1.71;-1.00;21.99;943.6;0.0
6851;25.30;60.0;0;0.10;0.12;9.91;56.73;-9.47;19.63;21.98;930.9;0.0
6871;25.30;59.7;1588;0.15;-0.18;9.79;15.89;8.54;17.19;21.96;917.8;0.1
6892;25.30;59.2;0;0.67;0.25;9.76;-31.58;27.14;-13.34;21.95;904.8;0.0
6912;25.30;58.8;1488;0.68;-0.36;9.21;8.72;5.14;-2.15;21.95;892.7;0.0
6933;25.30;58.2;0;0.29;-0.41;9.41;17.68;-3.39;11.66;21.94;880.7;0.0
6953;25.30;57.5;1313;-0.18;-0.20;9.83;90.75;-8.77;22.57;21.92;867.9;0.0
6974;25.30;56.9;0;-0.41;-0.43;9.98;-50.89;-2.71;-9.35;21.91;857.1;0.0
6994;25.30;56.1;1194;0.42;-0.52;10.06;50.36;-4.53;18.15;21.91;845.3;0.0
7015;25.30;55.8;0;-0.88;-0.60;10.27;-52.17;-4.11;-11.30;21.91;834.8;0.0
7035;25.30;55.1;1275;0.35;-0.09;9.70;-19.29;2.64;4.09;21.88;823.0;0.0
7056;25.30;53.7;0;0.59;-0.55;10.26;47.05;-3.37;3.77;21.86;811.7;0.0
7076;25.20;52.3;1413;1.15;-0.33;10.07;26.03;-4.88;-3.06;21.84;800.4;0.0
7097;25.20;50.1;0;-0.04;-0.85;9.77;-40.61;-0.71;-11.75;21.82;789.6;0.0
7117;25.20;49.9;1400;0.51;-0.09;10.29;-57.99;-0.73;-0.10;21.79;777.7;0.1
7138;25.10;49.5;0;-0.64;-0.24;9.90;42.55;-8.31;14.55;21.78;766.6;0.0
7158;25.10;49.0;1375;0.04;-0.19;9.71;-28.31;-4.78;-4.63;21.76;754.8;0.1
7179;25.00;47.3;0;0.56;-0.75;10.43;-36.34;-8.38;-7.48;21.74;743.9;0.0
7199;25.00;45.9;1356;-0.20;-0.61;10.09;-19.00;-2.05;2.23;21.72;732.3;0.0
7219;24.90;45.7;0;-0.15;-0.29;9.88;-55.56;-2.13;-8.92;21.70;721.5;0.0
7239;24.90;43.9;1325;0.68;-0.59;9.36;-15.10;8.84;8.71;21.68;711.2;0.1
7260;24.90;43.8;0;1.03;-0.82;10.46;34.35;11.53;-17.96;21.66;701.4;0.0
7280;24.80;43.1;1181;1.07;-0.07;9.25;-7.58;4.02;-23.49;21.64;690.6;0.0
7301;24.80;42.2;0;0.26;-0.26;10.18;-51.06;-7.62;-11.91;21.61;680.7;0.0
7321;24.80;42.0;1119;0.80;-0.03;10.05;-12.79;-4.68;2.35;21.56;670.2;0.1
7342;24.70;41.3;0;1.03;0.07;10.00;2.11;-24.42;-8.32;21.54;661.1;0.1
7362;24.70;40.1;1025;0.22;0.06;9.89;31.92;10.31;7.54;21.51;649.6;0.0
7383;24.70;39.1;0;-0.63;-0.17;9.62;48.63;-2.39;17.32;21.50;640.7;0.1
7403;24.60;38.2;994;0.97;0.10;9.70;-32.75;10.37;7.56;21.48;631.0;0.0
7424;24.60;37.9;0;0.13;-0.75;10.14;18.55;-10.65;-2.86;21.45;622.0;0.1
7444;24.50;37.5;906;0.19;-0.14;10.27;49.78;-11.31;17.30;21.44;613.0;0.0
7465;24.50;37.3;0;0.22;-0.14;9.79;9.33;-13.55;11.67;21.42;604.1;0.0
7485;24.40;37.2;881;0.77;0.39;10.15;-52.39;-27.58;-16.17;21.39;594.2;0.0
7506;24.40;36.7;0;0.29;-0.85;9.21;21.75;6.78;7.54;21.35;585.5;0.0
7526;24.30;37.1;806;0.49;-0.68;9.99;-2.39;8.35;3.17;21.33;577.1;0.0
7547;24.30;37.0;0;-0.25;-0.13;9.48;-18.10;19.03;-2.95;21.31;568.1;0.0
7567;24.20;36.4;663;0.07;-0.01;9.52;34.25;22.45;3.05;21.26;558.9;0.0
7587;24.20;36.2;0;0.04;-0.70;9.26;-23.21;-2.81;8.93;21.23;550.9;0.0
7607;24.10;36.1;575;0.40;-0.11;9.85;65.08;-55.34;0.76;21.18;543.2;0.0
7628;24.00;36.1;0;0.39;-0.70;10.09;-18.87;15.40;-38.64;21.14;534.9;0.1
7648;24.00;35.6;581;1.21;-0.01;9.82;-3.21;6.62;-4.04;21.10;526.7;0.0
7669;23.90;35.2;0;-1.24;-0.30;9.69;14.81;10.67;-6.31;21.06;518.7;0.0
7689;23.80;34.7;488;0.70;-0.62;10.01;41.11;20.85;8.85;21.03;511.0;0.0
7710;23.70;34.5;0;0.82;-0.81;10.32;-60.91;-42.36;15.65;20.98;503.0;0.0
7730;23.70;34.7;319;0.87;-0.59;9.55;9.99;9.64;-12.61;20.92;495.0;0.0
7751;23.60;34.3;0;0.95;-0.27;9.97;64.40;6.99;42.03;20.87;487.9;0.0
7771;23.50;33.9;231;-1.41;-0.53;9.41;-16.96;-0.22;0.03;20.84;480.8;0.0
7792;23.40;33.5;0;-0.52;-0.13;9.71;13.98;6.50;7.76;20.78;474.4;0.0
7812;23.30;33.3;144;0.16;-0.08;9.63;22.93;-11.17;16.38;20.72;467.5;0.0
7833;23.20;32.5;0;-0.30;-0.23;9.56;0.29;19.64;-19.68;20.67;460.5;0.0
7853;23.10;31.7;94;1.37;0.11;10.53;-10.95;-9.07;7.51;20.61;453.6;0.0
7874;23.00;31.2;0;0.26;-0.32;10.23;33.89;15.74;29.24;20.55;447.2;0.0
7894;22.90;30.9;88;-1.45;-0.06;9.47;-44.64;-2.49;0.41;20.48;439.7;0.0
7914;22.80;30.7;0;-0.35;-0.18;9.68;-63.22;3.41;-12.11;20.42;433.0;0.0
7935;22.70;30.6;-119;0.34;-0.36;10.01;-28.95;-16.95;-24.59;20.35;426.7;0.0
7955;22.60;30.3;0;0.70;-0.07;9.91;13.74;6.67;26.29;20.26;420.2;0.0
7975;22.50;30.1;-288;0.28;-0.47;10.08;37.84;-5.72;3.08;20.18;413.6;0.0
7996;22.40;29.7;0;-0.12;-0.90;9.76;53.74;-4.56;1.31;20.10;406.8;0.0
8016;22.20;29.1;-481;-0.19;-0.22;9.84;-36.15;-3.07;5.05;20.04;400.2;0.0
8037;22.10;28.7;0;1.41;-0.81;10.37;58.16;-4.17;-19.79;19.96;394.1;0.0
8057;22.00;29.0;-656;0.29;-0.66;9.83;-35.87;25.94;-4.72;19.88;387.6;0.0
8078;21.80;28.6;0;0.34;-0.63;10.16;14.85;5.36;7.52;19.79;381.7;0.0
8098;21.70;28.1;-619;0.08;-0.68;9.62;-17.94;5.42;6.18;19.70;375.3;0.0
8119;21.50;27.2;0;-0.68;-0.45;9.45;-5.17;-4.00;-0.06;19.59;369.3;0.0
8139;21.40;27.7;-819;0.76;-0.77;10.02;-56.89;-19.45;-9.36;19.50;364.0;0.0
8160;21.20;27.5;0;-0.25;-0.30;9.29;-5.11;14.81;-2.53;19.39;358.2;0.0
8180;21.10;27.9;-1006;0.58;-0.60;9.62;9.42;5.57;6.12;19.29;352.6;0.0
8201;20.90;27.5;0;0.25;-0.36;10.03;-44.61;17.16;12.02;19.19;347.9;0.0
8221;20.80;27.6;-1031;0.98;0.02;9.98;-22.18;13.13;6.34;19.07;341.9;0.0
8242;20.60;27.1;0;0.61;-0.25;10.19;24.63;-9.49;12.99;18.92;336.4;0.0
8262;20.40;26.6;-1175;-0.36;-0.53;10.05;61.58;2.70;14.19;18.83;330.6;0.0
8282;20.20;26.4;0;0.67;-0.26;10.05;-57.95;-9.53;-9.30;18.72;325.2;0.0
8303;20.10;26.2;-1325;0.44;-0.37;10.21;-72.84;-2.91;-3.52;18.61;319.9;0.0
8323;19.90;26.2;0;-0.16;-0.56;10.08;54.45;13.44;-7.49;18.48;314.2;0.0
8343;19.70;26.4;-1519;1.48;-0.88;10.15;6.11;-10.09;-18.38;18.38;309.0;0.0
8364;19.50;26.1;0;-0.85;-0.35;9.77;-12.77;6.42;-1.72;18.24;303.2;0.0
8384;19.30;25.5;-1769;0.01;-0.53;10.17;-57.48;2.78;-13.25;18.12;298.0;0.0
8405;19.10;25.3;0;0.31;-0.42;9.55;-12.88;9.59;-10.59;17.97;293.8;0.0
8425;18.90;25.4;-1856;-1.20;-0.71;9.79;9.25;-6.65;-8.24;17.83;288.5;0.0
8446;18.70;25.0;0;1.20;-0.53;10.26;8.91;-43.32;43.37;17.69;283.9;0.0
8466;18.50;24.9;-1850;0.18;-0.20;9.75;-2.97;-7.97;8.47;17.56;279.5;0.0
8487;18.20;24.3;0;-0.42;-0.29;9.68;-7.22;25.99;-18.82;17.44;274.8;0.0
8507;18.00;24.4;-1931;0.61;-0.35;10.16;-5.01;4.60;11.81;17.27;269.6;0.0
8528;17.80;24.6;0;-0.20;-0.52;10.01;-9.29;-10.04;-1.01;17.11;265.1;0.0
8548;17.50;24.4;-2100;0.28;-0.23;9.96;14.29;5.35;-2.86;16.95;260.0;0.0
8569;17.30;24.4;0;0.32;-0.23;9.73;-61.87;-1.36;-23.46;16.82;255.3;0.0
8589;17.00;24.3;-2288;0.27;-0.74;9.64;22.09;0.22;-8.14;16.64;250.6;0.0
8610;16.80;24.4;0;-1.14;-0.48;9.41;27.71;6.46;7.72;16.48;246.3;0.0
8630;16.50;24.1;-2413;1.39;-0.57;10.55;-59.39;-26.07;3.59;16.33;242.5;0.0
8651;16.20;24.6;0;0.72;-0.26;10.32;0.46;-9.33;4.46;16.17;237.5;0.0
8671;16.00;24.3;-2613;0.94;-0.30;10.02;11.32;21.09;-14.12;15.99;232.8;0.0
8691;15.70;24.1;0;-0.83;-0.47;9.75;-8.19;-4.17;2.12;15.84;229.1;0.0
8711;15.50;24.4;-2788;0.67;-0.23;9.82;1.62;5.42;-4.59;15.67;225.3;0.0
8732;15.20;24.6;0;1.20;-0.34;10.42;44.36;-15.60;-19.15;15.48;221.3;0.0
8752;14.90;24.9;-2975;0.64;-0.18;10.36;-17.60;-6.12;14.18;15.31;216.9;0.0
8773;14.60;24.8;0;1.17;-0.45;9.94;4.88;5.18;0.45;15.09;213.1;0.0
8793;14.30;24.6;-3075;-0.62;-0.45;9.76;-42.09;-1.75;0.83;14.92;209.7;0.0
8814;14.00;25.1;0;0.82;0.13;9.90;-29.99;39.77;5.41;14.74;205.7;0.0
8834;13.70;24.8;-3163;0.11;-0.32;9.78;-4.96;3.28;3.53;14.54;202.6;0.0
8855;13.40;24.8;0;0.79;-0.52;10.05;70.50;16.89;3.93;14.36;199.1;0.0
8875;13.20;25.1;-3388;0.14;-0.09;9.84;-29.56;3.96;-21.80;14.20;195.1;0.0
8896;12.90;24.6;0;0.95;-0.63;10.17;-27.86;-3.38;-2.43;13.99;191.7;0.0
8916;12.60;24.5;-3438;-1.21;-0.42;9.62;-38.11;8.16;-11.43;13.77;187.0;0.0
8937;12.30;24.6;0;0.44;-0.35;9.95;-45.88;-5.01;0.60;13.56;184.1;0.0
8957;12.00;25.1;-3450;0.83;-0.50;10.39;-14.90;-10.03;-9.12;13.36;181.0;0.0
8978;11.70;24.8;0;0.18;-0.58;9.98;20.55;-11.25;3.72;13.17;177.9;0.0
8998;11.40;24.8;-3438;0.85;-0.72;10.25;-24.83;-0.94;-21.34;12.98;175.3;0.0
9019;11.10;25.1;0;1.18;-0.67;10.07;-67.77;23.69;-29.79;12.76;172.2;0.0
9039;10.80;25.0;-3606;1.96;-0.44;10.24;3.13;27.10;-1.60;12.55;168.4;0.0
9059;10.50;25.1;0;0.11;-0.40;10.07;8.46;-4.06;12.69;12.36;165.7;0.0
9080;10.20;25.1;-3631;0.63;-0.33;10.57;75.61;3.12;16.91;12.15;162.9;0.0
9100;9.90;25.5;0;1.44;-0.69;10.68;-58.57;-24.33;-18.84;11.97;160.2;0.0
9120;9.60;25.3;-3688;0.97;-0.55;10.42;7.36;-24.88;-11.08;11.76;157.5;0.0
9141;9.30;25.6;0;1.78;-0.58;10.62;75.29;-16.18;0.20;11.59;155.1;0.1
9161;9.00;25.3;-3581;1.25;-0.77;10.45;60.68;-3.09;-13.54;11.40;152.4;0.0
9182;8.70;25.8;0;1.67;-0.33;10.32;-67.52;35.88;4.16;11.21;150.0;0.1
9202;8.40;26.0;-3656;0.85;-0.54;10.47;-35.75;-13.08;-8.98;11.00;147.6;0.1
9223;8.10;26.2;0;0.78;-0.48;10.32;50.13;4.67;8.65;10.82;145.6;0.1
9243;7.90;26.2;-3613;1.53;-0.56;10.37;-4.48;0.91;-6.84;10.65;143.3;0.1
9264;7.60;26.3;0;0.67;-0.59;10.42;-65.49;12.51;-23.08;10.47;141.0;0.1
9284;7.30;26.2;-3531;-1.23;-0.31;9.98;-27.64;4.53;4.37;10.25;138.7;0.1
9305;7.00;26.7;0;0.23;-0.45;10.31;-24.87;3.85;-26.28;10.02;136.9;0.1
9325;6.80;26.5;-3331;1.51;-0.46;10.68;-45.00;-21.35;20.56;9.80;134.7;0.1
9346;6.60;26.5;0;0.13;-0.47;10.53;-29.54;-13.75;-2.86;9.60;132.6;0.1
9366;6.30;26.1;-3256;1.17;-0.36;10.60;-31.95;-5.55;-5.29;9.40;130.6;0.1
9387;6.10;26.1;0;-0.20;-0.60;10.00;-14.48;9.00;-13.79;9.21;128.5;0.1
9407;5.80;26.2;-3419;1.54;-0.43;10.24;41.65;20.54;-2.04;9.02;126.3;0.1
9428;5.60;26.5;0;0.09;-0.44;10.28;45.25;3.06;4.77;8.87;124.4;0.1
9448;5.40;26.9;-3500;0.97;-0.37;10.65;56.75;-21.10;24.30;8.73;122.3;0.2
9468;5.10;27.0;0;0.90;-0.27;10.54;-55.08;-2.63;3.91;8.57;120.3;0.2
9488;4.90;27.5;-3444;0.58;-0.47;10.53;-34.09;9.91;1.53;8.39;118.3;0.1
9509;4.70;27.2;0;-0.60;-0.32;10.31;33.26;1.47;19.25;8.23;116.3;0.2
9529;4.50;27.6;-3450;-0.24;-0.57;10.27;12.10;0.25;-9.64;8.10;114.4;0.2
9550;4.30;27.6;0;-0.75;-0.30;10.15;48.13;-9.22;24.24;7.95;112.5;0.2
9570;4.10;27.7;-3400;-1.03;-0.45;10.12;20.16;1.28;6.35;7.81;110.7;0.2
9591;3.90;27.7;0;1.79;-0.43;10.54;-74.06;34.97;-12.46;7.64;109.1;0.2
9611;3.70;27.7;-3444;-0.90;-0.84;10.08;-56.94;17.05;-15.25;7.47;106.9;0.1
9632;3.50;27.6;0;1.08;-0.35;10.47;-37.31;32.61;0.89;7.30;105.3;0.1
9652;3.40;28.0;-3419;-1.35;-0.39;10.09;60.63;1.95;5.80;7.16;103.8;0.1
9673;3.20;28.2;0;0.54;-0.34;10.55;15.58;8.05;5.14;7.02;102.3;0.2
9693;3.00;28.3;-3231;1.63;-0.32;10.59;12.47;10.85;13.07;6.87;100.7;0.2
9714;2.90;28.8;0;-0.45;-0.55;10.33;-4.29;-9.03;-12.56;6.73;99.2;0.2
9734;2.70;28.4;-3288;1.21;-0.33;10.63;-52.37;-14.12;0.31;6.57;97.5;0.2
9755;2.50;28.8;0;-0.52;-0.43;10.28;-60.97;5.69;-23.34;6.43;96.0;0.2
9775;2.40;29.0;-3275;0.34;-0.48;10.66;73.17;-8.53;9.31;6.26;94.4;0.2
9796;2.20;28.9;0;1.44;-0.41;10.71;69.81;-10.85;25.51;6.15;93.0;0.2
9816;2.10;29.0;-3300;0.54;-0.42;10.44;47.20;5.16;12.31;6.03;91.5;0.2
9836;2.00;29.3;0;0.21;-0.31;10.51;23.06;-17.92;15.87;5.92;90.0;0.3
9856;1.90;29.6;-3306;-1.54;-0.32;9.97;11.29;2.24;0.57;5.79;88.5;0.3
9877;1.70;30.0;0;2.19;-0.05;10.67;-34.43;-14.40;7.16;5.68;87.2;0.3
9897;1.60;29.9;-3225;-0.22;-0.01;10.31;-34.55;16.69;-11.20;5.54;85.7;0.3
9918;1.50;29.8;0;0.91;-0.34;10.65;-4.21;-4.19;-0.82;5.40;84.0;0.3
9938;1.40;29.9;-3144;-0.91;-0.45;10.17;64.76;-7.25;37.01;5.29;82.6;0.3
9959;1.30;29.9;0;2.97;-0.62;11.23;47.12;-14.27;-18.46;5.19;81.2;0.3
9979;1.20;30.2;-3144;-0.55;-0.50;10.27;35.60;10.41;-3.38;5.09;79.8;0.3
10000;1.20;29.9;0;0.43;-0.58;10.58;49.59;6.38;-12.07;4.97;78.5;0.3
10020;1.10;30.6;-3319;0.49;-0.37;10.52;35.11;-8.43;10.18;4.87;77.3;0.3
10041;1.00;30.6;0;2.06;-0.19;10.85;24.78;-3.96;23.98;4.79;76.1;0.3
10061;1.00;30.5;-3125;0.13;-0.37;10.47;31.91;11.07;-7.60;4.68;74.8;0.3
10082;0.90;30.6;0;1.25;-0.55;10.76;-2.13;-18.48;-33.49;4.56;73.6;0.3
10102;0.80;30.7;-3163;1.42;-0.45;10.84;-39.64;-9.22;-16.75;4.47;72.4;0.3
10123;0.80;30.6;0;0.10;-0.47;10.54;-38.54;17.01;-20.45;4.37;71.3;0.3
10143;0.70;30.4;-3031;0.41;-0.30;10.49;13.49;-19.99;-0.49;4.27;70.2;0.3
10164;0.70;30.8;0;1.97;-0.54;11.08;70.29;-5.88;3.44;4.18;68.9;0.3
10184;0.60;31.0;-3050;0.69;-0.36;10.72;-10.45;-17.90;-20.17;4.09;67.7;0.3
10204;0.60;30.6;0;1.37;-0.24;10.55;-3.52;3.64;14.28;4.00;66.5;0.3
10225;0.50;30.8;-3056;0.49;-0.36;10.52;-16.68;8.54;-5.11;3.90;65.3;0.3
10245;0.50;30.7;0;2.06;-0.53;10.98;25.10;-6.89;-13.78;3.81;64.2;0.3
10265;0.40;31.0;-2963;-0.08;-0.44;10.48;-57.84;-9.15;-8.28;3.72;63.2;0.3
10286;0.40;31.1;0;1.10;-0.40;10.86;-22.13;-8.95;-14.27;3.64;62.2;0.3
10306;0.30;31.5;-2888;0.52;-0.38;10.62;-46.91;-3.54;-12.08;3.56;61.2;0.3
10327;0.30;31.0;0;1.10;-0.32;10.74;-40.66;-8.85;0.33;3.48;60.2;0.3
10347;0.20;31.1;-2725;0.46;-0.40;10.65;-31.38;2.57;-18.03;3.39;59.3;0.3
10368;0.20;31.5;0;-0.94;-0.33;10.24;-9.29;-3.50;0.34;3.33;58.4;0.3
10388;0.10;31.1;-2756;1.01;-0.35;10.65;-38.25;0.96;0.48;3.25;57.5;0.4
10409;0.10;31.5;0;0.27;-0.46;10.56;-33.34;2.86;-14.29;3.18;56.6;0.3
10429;0.10;31.2;-2606;0.87;-0.37;10.77;-36.07;-11.97;-8.14;3.11;55.7;0.4
10450;0.00;31.5;0;0.15;-0.40;10.64;-45.97;-12.53;-14.61;3.05;54.9;0.3
10470;0.00;31.3;-2494;-0.27;-0.44;10.53;-44.01;-18.68;-20.79;2.98;54.1;0.3
10491;0.00;31.2;0;1.64;-0.30;10.98;-40.56;-14.50;1.96;2.93;53.3;0.4
10511;0.00;31.6;-2494;0.27;-0.41;10.72;-35.95;-9.79;-8.88;2.86;52.5;0.4
10532;0.00;31.2;0;0.71;-0.45;10.81;-31.06;-8.04;-14.46;2.81;51.7;0.4
10552;0.00;31.5;-2375;0.26;-0.40;10.64;-44.73;-8.16;-10.92;2.76;50.9;0.4
10573;0.00;31.4;0;0.09;-0.42;10.65;-48.47;-14.33;-4.52;2.70;50.2;0.4
10593;0.00;31.3;-2350;0.08;-0.35;10.62;-40.06;-11.49;-16.29;2.66;49.4;0.4
10613;0.00;31.8;0;0.65;-0.30;10.75;-38.71;-7.49;-6.58;2.62;48.7;0.4
10633;0.00;31.5;-2256;0.29;-0.37;10.67;-37.96;-7.53;-11.89;2.57;48.0;0.4
10654;0.00;31.5;0;0.86;-0.39;10.74;-46.50;-14.10;-13.24;2.53;47.3;0.4
10674;0.00;31.9;-2169;1.43;-0.36;10.93;-41.90;-15.84;-3.17;2.47;46.6;0.4
10695;0.00;31.6;0;0.63;-0.39;10.70;-35.69;-13.41;-2.75;2.43;45.9;0.4
10715;0.00;31.5;-2131;0.25;-0.37;10.69;-37.22;-12.91;-11.99;2.39;45.1;0.4
10736;0.00;31.7;0;-0.04;-0.38;10.51;-32.13;-10.51;-10.95;2.35;44.6;0.4
10756;0.00;31.6;-2044;1.33;-0.39;10.91;-40.81;-13.61;-12.69;2.31;43.9;0.4
10777;0.00;31.9;0;2.17;-0.30;11.16;-35.89;-22.17;-1.59;2.28;43.2;0.5
10797;0.00;31.8;-2019;0.33;-0.38;10.74;-34.48;-10.25;-17.72;2.24;42.6;0.4
10818;0.00;31.5;0;0.91;-0.41;10.88;-37.57;-11.47;-20.82;2.21;41.9;0.4
10838;0.00;32.0;-2031;0.39;-0.39;10.73;-44.27;-5.89;-20.45;2.17;41.2;0.4
10859;0.00;31.9;0;0.42;-0.36;10.75;-52.10;-19.09;-13.14;2.15;40.6;0.4
10879;0.00;31.9;-2094;-0.04;-0.38;10.60;-41.31;-9.75;-6.37;2.10;40.1;0.4
10900;0.00;32.4;0;1.02;-0.35;10.90;-35.15;-17.49;-3.04;2.09;39.5;0.5
10920;0.00;32.2;-1963;0.33;-0.33;10.68;-33.01;-14.51;-12.98;2.06;38.9;0.4
10941;0.10;31.9;0;0.06;-0.37;10.67;-44.00;-9.14;-21.98;2.03;38.3;0.4
10961;0.10;32.4;-1944;0.19;-0.35;10.62;-41.58;-5.87;-8.85;2.01;37.6;0.4
10981;0.10;32.2;0;0.93;-0.30;10.84;-40.00;-13.75;-14.72;1.98;37.2;0.4
11002;0.10;32.2;-1856;0.23;-0.32;10.64;-38.35;-17.89;-7.33;1.96;36.7;0.4
11022;0.20;32.7;0;0.31;-0.41;10.59;-32.34;-10.70;-14.82;1.94;36.1;0.4
11042;0.20;32.4;-1756;0.39;-0.34;10.69;-31.66;-5.45;-13.42;1.92;35.7;0.4
11063;0.20;32.3;0;1.37;-0.39;11.00;-38.39;-18.35;-10.62;1.90;35.1;0.4
11083;0.30;32.7;-1719;0.68;-0.36;10.73;-34.81;-14.49;-11.95;1.90;34.5;0.4
11104;0.30;32.4;0;0.66;-0.30;10.74;-39.32;-16.18;-11.00;1.86;34.1;0.4
11124;0.30;32.2;-1663;1.16;-0.40;10.99;-43.48;-15.30;-7.75;1.85;33.6;0.4
11145;0.40;32.7;0;0.71;-0.32;10.78;-44.98;-14.66;-8.31;1.83;33.1;0.4
11165;0.40;32.5;-1625;-0.41;-0.38;10.40;-48.39;-5.23;-7.54;1.82;32.6;0.4
11186;0.40;32.2;0;-0.15;-0.35;10.59;-35.15;-11.53;-7.71;1.82;32.1;0.4
11206;0.50;32.8;-1575;1.17;-0.39;10.88;-42.24;-18.46;-5.49;1.80;31.6;0.4
11227;0.50;32.5;0;1.09;-0.37;10.86;-31.33;-15.63;-9.66;1.79;31.2;0.4
11247;0.60;32.3;-1475;0.73;-0.34;10.75;-42.62;-18.78;-10.46;1.79;30.7;0.4
11268;0.60;32.7;0;1.13;-0.34;10.86;-43.10;-14.98;-8.10;1.78;30.3;0.4
11288;0.70;32.4;-1444;0.14;-0.33;10.66;-36.80;-12.57;-6.59;1.78;29.9;0.4
11309;0.70;32.4;0;-0.31;-0.35;10.50;-37.95;-8.47;-9.35;1.77;29.4;0.4
11329;0.70;32.7;-1425;0.21;-0.31;10.66;-34.97;-15.72;-2.66;1.77;29.1;0.5
11350;0.80;32.6;0;-0.06;-0.35;10.56;-30.45;-8.90;-10.89;1.76;28.6;0.4
11370;0.80;32.5;-1400;0.76;-0.36;10.78;-40.09;-13.75;-18.84;1.75;28.1;0.4
11390;0.90;32.5;0;-0.17;-0.32;10.55;-46.83;-11.97;-11.02;1.76;27.7;0.4
11410;0.90;32.8;-1406;1.16;-0.40;10.92;-43.48;-12.06;2.28;1.76;27.4;0.4
11431;1.00;32.6;0;0.64;-0.34;10.69;-33.16;-16.62;-2.65;1.77;27.0;0.4
11451;1.00;32.4;-1344;1.05;-0.35;10.95;-29.73;-7.72;-19.72;1.76;26.6;0.4
11472;1.10;32.7;0;2.23;-0.35;11.05;-47.63;-16.10;-18.13;1.77;26.3;0.4
11492;1.10;32.6;-1375;-0.25;-0.34;10.52;-39.71;-16.33;-2.91;1.77;25.8;0.3
11513;1.20;32.4;0;0.13;-0.39;10.57;-32.45;-11.56;0.94;1.77;25.5;0.3
11533;1.20;32.2;-1319;0.56;-0.33;10.74;-33.87;-16.38;-17.54;1.79;25.1;0.4
11554;1.30;32.4;0;0.57;-0.35;10.77;-39.23;-11.08;-20.92;1.79;24.7;0.3
11574;1.30;32.2;-1313;0.33;-0.32;10.62;-54.26;-2.83;-4.33;1.80;24.4;0.4
11595;1.40;32.2;0;-0.35;-0.33;10.45;-47.99;3.01;-3.01;1.80;24.0;0.3
11615;1.40;32.2;-1294;0.13;-0.31;10.63;-49.68;-1.17;-16.03;1.81;23.7;0.4
11636;1.50;32.3;0;0.86;-0.34;10.72;-23.26;7.37;-4.03;1.83;23.3;0.4
11656;1.60;32.7;-1363;1.01;-0.35;10.81;-61.24;5.53;-20.91;1.85;23.0;0.4
11677;1.60;32.4;0;1.50;-0.37;10.84;-48.06;4.10;-19.76;1.85;22.6;0.4
11697;1.70;32.3;-1313;0.74;-0.36;10.71;-43.93;12.67;-16.53;1.88;22.2;0.4
11718;1.70;32.6;0;-0.64;-0.28;10.45;-30.16;5.50;-10.12;1.88;21.9;0.4
11738;1.80;32.6;-1250;0.68;-0.24;10.74;-18.84;-0.88;7.07;1.90;21.6;0.3
11758;1.90;32.3;0;0.14;-0.29;10.70;12.09;-8.72;3.23;1.91;21.3;0.4
11779;2.00;32.5;-1306;-0.01;-0.25;10.58;-8.65;-1.38;-9.16;1.92;21.0;0.4
11799;2.00;32.3;0;-0.33;-0.34;10.47;61.97;-6.35;5.48;1.94;20.7;0.4
11819;2.10;32.4;-1231;-0.02;-0.29;10.55;33.33;-7.26;11.59;1.97;20.5;0.4
11840;2.20;32.1;0;-0.65;-0.27;10.36;17.42;2.81;2.77;1.97;20.2;0.4
11860;2.30;32.1;-1263;1.78;-0.31;10.99;30.32;12.40;5.23;2.00;19.9;0.3
11881;2.30;32.0;0;0.52;-0.34;10.75;19.03;2.45;12.63;2.02;19.6;0.3
11901;2.40;32.2;-1163;0.34;-0.37;10.63;25.07;-4.17;10.89;2.04;19.3;0.3
11922;2.50;31.8;0;-0.01;-0.35;10.53;-31.78;7.22;-6.80;2.07;19.0;0.4
11942;2.60;32.1;-1156;-0.89;-0.32;10.45;-43.64;1.33;-6.89;2.10;18.7;0.3
11963;2.70;31.5;0;-0.02;-0.38;10.65;-79.80;-8.27;-21.32;2.12;18.5;0.2
11983;2.80;31.5;-1119;-0.07;-0.40;10.60;-85.30;0.23;-19.17;2.13;18.2;0.3
12004;2.90;31.7;0;0.23;-0.34;10.61;-49.20;-0.07;-11.20;2.17;18.0;0.3
12024;3.00;31.5;-1094;0.46;-0.37;10.55;-14.87;3.62;-5.46;2.20;17.7;0.3
12045;3.10;31.2;0;1.19;-0.29;10.85;-36.88;0.57;-0.43;2.23;17.5;0.3
12065;3.20;31.1;-1056;-0.09;-0.38;10.57;-68.12;0.99;-8.38;2.26;17.3;0.3
12086;3.20;30.9;0;0.73;-0.37;10.68;-13.24;-12.49;-9.69;2.30;17.0;0.1
12106;3.30;30.9;-988;0.60;-0.31;10.71;-15.39;-0.69;-2.04;2.31;16.8;0.3
12127;3.40;30.6;0;-0.98;-0.27;10.32;-26.83;-1.53;-5.91;2.35;16.5;0.3
12147;3.50;30.8;-875;0.45;-0.34;10.60;-42.61;0.50;-7.20;2.38;16.2;0.1
12167;3.60;30.6;0;-0.20;-0.31;10.48;-34.35;-3.79;-9.86;2.41;16.1;0.1
12187;3.70;30.3;-838;0.30;-0.32;10.62;-35.78;3.06;-7.55;2.44;15.8;0.2
12208;3.80;30.2;0;-0.46;-0.33;10.39;-42.61;-0.71;-4.84;2.48;15.7;0.3
12228;3.90;30.2;-769;0.00;-0.27;10.59;-41.39;-2.49;-17.17;2.52;15.4;0.1
12249;4.00;30.1;0;-0.71;-0.30;10.43;-35.09;-4.62;-7.95;2.56;15.3;0.2
12269;4.10;29.8;-769;-0.56;-0.30;10.43;-10.22;-0.88;0.12;2.59;15.0;0.2
12290;4.10;29.6;0;0.05;-0.30;10.51;-7.39;-1.11;-3.43;2.63;14.9;0.2
12310;4.20;29.6;-719;-0.15;-0.33;10.50;-3.89;-0.65;-2.33;2.66;14.6;0.1
12331;4.30;29.5;0;0.45;-0.30;10.58;2.95;-5.60;-1.77;2.70;14.5;0.0
12351;4.40;29.2;-575;-0.45;-0.38;10.47;43.68;-2.81;4.61;2.74;14.3;0.1
12372;4.50;29.4;0;-0.07;-0.33;10.58;45.39;-0.66;12.61;2.78;14.2;0.2
12392;4.60;29.3;-538;0.59;-0.31;10.55;38.07;7.08;10.61;2.81;14.0;0.1
12413;4.60;28.8;0;-0.07;-0.36;10.43;42.45;2.76;10.51;2.87;13.8;0.1
12433;4.70;28.7;-500;0.17;-0.29;10.54;5.15;-2.54;3.32;2.91;13.6;0.1
12454;4.80;28.8;0;-0.41;-0.37;10.50;-69.24;1.34;-8.46;2.95;13.4;0.1
12474;4.90;28.7;-544;0.26;-0.41;10.60;-87.80;-1.91;-15.99;3.00;13.2;0.2
12495;5.00;28.5;0;0.07;-0.47;10.72;-107.19;-5.35;-21.24;3.04;13.1;0.1
12515;5.10;28.2;-494;0.47;-0.46;10.70;-102.52;-4.01;-26.99;3.08;12.9;0.0
12535;5.20;28.0;0;-0.36;-0.41;10.50;-97.64;4.58;-19.59;3.13;12.8;0.1
12555;5.30;27.8;-444;-0.36;-0.51;10.55;-107.81;-2.07;-19.79;3.17;12.7;0.1
12576;5.40;27.7;0;-0.25;-0.45;10.54;-93.74;-3.75;-19.94;3.22;12.4;0.1
12596;5.50;27.9;-400;-0.09;-0.42;10.51;-77.84;-8.10;-15.43;3.27;12.4;0.1
12617;5.60;27.6;0;-0.02;-0.24;10.55;-38.50;0.92;-1.80;3.31;12.2;0.1
12637;5.70;27.6;-375;0.03;-0.25;10.58;-17.97;3.12;-5.36;3.36;12.0;0.0
12658;5.80;27.2;0;-0.43;-0.31;10.40;-47.14;-0.30;-8.40;3.41;11.9;0.1
12678;5.90;27.0;-294;-0.21;-0.33;10.45;-49.10;-1.88;-9.34;3.45;11.8;0.1
12699;6.00;26.8;0;-0.35;-0.31;10.48;-54.51;-0.90;-12.56;3.51;11.6;0.0
12719;6.10;26.6;-244;0.18;-0.36;10.55;-64.41;-1.12;-14.69;3.57;11.5;0.1
12740;6.20;26.8;0;0.06;-0.34;10.52;-57.88;-1.33;-14.06;3.61;11.4;0.1
12760;6.30;26.6;-188;-0.00;-0.35;10.43;-55.64;0.93;-12.27;3.67;11.3;0.1
12781;6.40;26.6;0;-0.07;-0.38;10.55;-63.08;-0.68;-10.71;3.72;11.1;0.1
12801;6.50;26.3;-150;0.07;-0.40;10.52;-63.41;-0.65;-15.69;3.78;11.1;0.0
12822;6.60;25.9;0;-0.22;-0.35;10.57;-69.57;-1.49;-17.07;3.82;10.9;0.1
12842;6.70;26.0;-100;-0.11;-0.35;10.49;-72.68;-0.42;-16.91;3.87;10.8;0.0
12863;6.80;25.7;0;-0.02;-0.36;10.48;-65.84;-0.56;-13.08;3.92;10.7;0.0
12883;6.90;25.6;-63;0.04;-0.46;10.51;-75.64;0.02;-13.88;3.98;10.7;0.0
12903;7.00;25.4;0;0.13;-0.42;10.54;-90.90;0.54;-22.60;4.03;10.6;0.0
12924;7.10;25.5;-25;-0.06;-0.45;10.61;-96.97;-2.82;-20.68;4.09;10.4;0.0
12944;7.20;25.1;0;-0.17;-0.45;10.51;-105.52;-3.91;-21.89;4.16;10.3;0.0
12964;7.30;25.3;13;0.21;-0.41;10.56;-97.77;-6.75;-22.96;4.21;10.2;0.0
12985;7.40;25.2;0;-0.00;-0.47;10.60;-103.81;-3.24;-22.92;4.25;10.2;0.0
13005;7.50;24.7;50;-0.15;-0.47;10.54;-102.80;-2.44;-24.61;4.32;10.1;0.0
13026;7.60;24.5;0;0.01;-0.45;10.56;-94.77;-1.35;-17.66;4.36;10.0;0.1
13046;7.60;24.6;88;0.03;-0.41;10.55;-103.52;-2.64;-20.79;4.43;9.9;0.0
13067;7.80;24.6;0;-0.05;-0.49;10.54;-112.65;-0.60;-22.89;4.48;9.8;0.0
13087;7.80;24.5;125;-0.38;-0.54;10.50;-129.87;-4.53;-27.69;4.54;9.7;0.0
13108;8.00;24.4;0;0.20;-0.64;10.61;-137.12;-4.92;-31.19;4.61;9.7;0.0
13128;8.00;19.9;163;-0.07;-0.63;10.58;-147.44;-4.99;-32.48;4.66;9.5;0.0
13149;8.20;24.0;0;-0.18;-0.65;10.69;-150.37;-4.36;-33.74;4.71;9.5;0.0
13169;8.20;19.7;194;-0.09;-0.66;10.65;-161.87;-6.48;-34.49;4.78;9.4;0.0
13190;8.40;19.8;0;-0.09;-0.65;10.68;-157.49;-9.61;-37.17;4.83;9.4;0.0
13210;8.40;19.7;225;-0.33;-0.65;10.66;-161.63;-6.42;-36.14;4.90;9.2;0.0
13231;8.50;19.4;0;-0.03;-0.69;10.65;-164.17;-5.58;-36.10;4.95;9.2;0.0
13251;8.60;19.2;263;-0.26;-0.75;10.57;-167.91;-9.65;-37.32;5.01;9.0;0.0
13271;8.70;19.2;0;0.01;-0.69;10.74;-171.07;-4.49;-36.19;5.08;9.0;0.0
13292;8.80;19.2;294;-0.03;-0.71;10.65;-169.45;-9.78;-39.63;5.14;9.0;0.0
13312;8.90;19.1;0;-2.97;-2.26;9.69;-79.21;246.84;-249.25;5.20;9.0;0.0
13332;9.00;19.5;231;4.91;-0.30;11.46;-40.66;18.57;-12.63;5.27;9.7;0.0
13353;9.10;18.7;0;0.35;-1.76;10.72;254.90;-27.91;0.72;5.32;10.6;0.0
13373;9.20;18.6;-194;6.21;-1.05;11.53;-115.59;-70.95;24.11;5.37;11.6;0.1
13394;9.20;18.1;0;4.87;-0.81;10.72;153.08;-49.46;-51.49;5.43;12.8;0.2
13414;9.30;18.1;-469;6.08;-0.86;11.03;65.23;-88.40;-4.08;5.49;14.2;0.0
13435;9.40;17.3;0;4.55;-0.83;10.91;87.55;-86.21;17.02;5.56;15.6;0.0
13455;9.50;16.8;-813;4.95;-0.50;10.51;108.88;-23.40;-55.72;5.60;17.1;0.1
13476;9.50;16.5;0;2.99;-5.94;13.94;254.90;-1.20;42.74;5.65;18.6;0.1
13496;9.60;16.4;-1088;1.94;-0.68;10.43;72.69;-14.14;2.93;5.70;20.2;0.1
13517;9.60;16.4;0;3.46;0.01;10.36;-92.12;-14.25;46.44;5.74;21.7;0.1
13537;9.70;16.6;-1281;3.08;-0.59;10.88;-63.60;-15.89;-53.58;5.77;23.6;0.1
13558;9.70;16.0;0;2.75;-0.59;10.72;-64.01;18.38;-19.04;5.81;25.2;0.2
13578;9.70;15.4;-1381;1.75;-0.33;10.38;15.69;-24.55;-26.58;5.82;27.1;0.0
13599;9.70;15.3;0;3.43;-0.49;10.81;-32.00;12.63;-46.09;5.84;28.8;0.1
13619;9.70;15.0;-1431;2.12;-0.59;10.39;-5.96;5.35;-35.30;5.85;30.8;0.0
13640;9.70;14.3;0;4.14;-0.60;10.83;-25.84;30.40;-15.33;5.87;32.8;0.0
13660;9.70;14.0;-1619;1.28;-0.68;10.28;-38.18;36.78;-12.81;5.87;35.0;0.0
13680;9.60;13.7;0;3.27;-0.68;10.85;-85.35;28.73;-43.22;5.86;37.2;0.1
13700;9.50;13.6;-2000;0.10;-0.46;9.86;36.65;-7.64;0.14;5.85;39.5;0.0
13721;9.50;13.5;0;0.03;-0.72;10.12;-27.71;0.89;-23.51;5.83;41.1;0.0
13741;9.40;13.8;-2106;1.28;-0.46;9.98;5.77;22.73;13.45;5.81;43.4;0.0
13762;9.30;13.5;0;-0.41;0.05;9.81;-49.14;4.92;4.00;5.78;45.1;0.0
13782;9.20;13.7;-2313;2.29;-0.56;10.29;2.10;34.33;-9.72;5.76;47.3;0.0
13803;9.00;13.8;0;1.47;-0.14;9.96;-57.18;18.83;-16.79;5.72;49.3;0.0
13823;8.90;13.7;-2406;2.17;-0.25;10.89;17.94;-13.95;12.48;5.67;51.3;0.1
13844;8.80;14.3;0;-1.65;-0.72;9.48;10.16;2.02;-10.17;5.63;53.1;0.1
13864;8.60;14.1;-2425;0.62;-0.77;9.80;18.01;6.17;12.43;5.58;55.0;0.2
13885;8.40;14.2;0;0.12;-0.36;10.35;91.75;-1.78;-6.59;5.52;57.0;0.1
13905;8.30;14.5;-2663;-1.24;-0.49;9.55;82.13;-1.27;13.69;5.46;59.2;0.1
13926;8.10;14.6;0;4.83;-1.73;10.54;-20.01;6.86;-25.82;5.39;61.4;0.1
13946;7.90;14.4;-2881;-1.11;-0.15;9.72;-28.22;16.09;-0.09;5.33;63.4;0.1
13967;7.70;14.4;0;0.73;-0.55;10.55;-28.24;-13.76;-8.78;5.26;65.7;0.2
13987;7.50;14.5;-2950;-0.52;-0.48;9.99;-43.63;-8.45;4.83;5.19;67.7;0.2
14008;7.30;14.4;0;-0.88;-0.65;9.82;-15.87;1.74;15.94;5.11;69.9;0.1
14028;7.10;14.4;-3144;0.45;-0.13;9.96;-31.13;21.38;5.46;5.02;72.3;0.2
14048;6.90;14.5;0;0.90;-0.34;9.75;-107.14;-9.69;-4.79;4.94;74.6;0.2
14068;6.70;14.4;-3331;0.78;-0.69;10.26;-102.26;-2.01;-34.25;4.86;77.0;0.2
14089;6.50;14.4;0;-0.25;-0.57;10.22;73.13;-8.59;4.50;4.75;79.4;0.2
14109;6.30;14.4;-3325;-0.35;-0.29;9.59;20.26;7.35;9.37;4.65;81.7;0.2
14130;6.10;14.3;0;-0.28;-0.10;9.80;-49.62;13.36;-7.95;4.56;84.1;0.1
14150;6.00;14.2;-3419;0.52;-0.65;10.23;-22.66;-9.59;3.83;4.44;86.7;0.0
14171;5.80;14.3;0;-0.28;-0.52;9.69;114.12;3.49;23.15;4.33;89.1;0.0
14191;5.60;14.5;-3544;0.65;-0.65;10.29;-51.56;30.04;-6.66;4.23;91.8;0.0
14212;5.30;14.3;0;0.79;-0.06;10.10;-13.27;9.56;1.60;4.10;94.4;0.0
14232;5.20;14.3;-3413;-0.09;-0.49;10.18;-11.17;-2.81;-6.85;3.98;97.0;0.0
14253;5.00;14.6;0;-0.35;-0.53;10.34;-24.35;3.74;0.85;3.86;99.8;0.0
14273;4.80;14.2;-3525;1.39;-0.38;10.62;-20.06;-10.62;19.79;3.73;102.5;0.0
14294;4.50;14.3;0;-0.49;-0.45;10.20;-0.01;1.24;-8.78;3.60;105.3;0.0
14314;4.30;14.1;-3369;-0.79;-0.27;9.59;43.03;-1.23;15.18;3.46;108.0;0.0
14335;4.10;14.5;0;-0.21;-0.26;10.15;-6.57;-6.11;-5.58;3.33;110.8;0.0
14355;3.90;14.1;-3600;0.82;-0.19;9.91;-28.47;6.67;-12.78;3.20;113.7;0.0
14376;3.70;14.2;0;0.04;-0.54;10.20;-0.52;-14.47;-2.79;3.07;116.7;0.0
14396;3.50;14.5;-3688;-0.02;-0.21;10.27;11.45;-4.28;-10.87;2.95;119.7;0.0
14416;3.20;14.3;0;0.57;-0.56;10.26;-43.41;0.93;-5.37;2.80;122.6;0.0
14437;3.00;14.6;-3825;0.34;-0.61;9.96;-9.05;9.64;-4.02;2.66;125.5;0.0
14457;2.80;14.3;0;0.27;-0.61;10.21;20.78;-7.30;-0.40;2.52;128.3;0.0
14477;2.50;14.7;-3925;0.21;-0.70;10.38;-41.37;-6.67;-14.82;2.36;131.7;0.0
14498;2.30;14.6;0;0.23;-0.16;10.35;-31.50;6.11;3.67;2.23;134.5;0.0
14518;2.10;14.7;-3925;0.53;-0.62;10.48;-10.61;-2.81;5.50;2.08;137.8;0.0
14539;1.80;14.9;0;0.95;-0.57;10.45;-18.87;-18.91;1.05;1.93;140.8;0.0
14559;1.60;14.9;-3975;0.06;-0.30;9.81;47.57;1.67;7.09;1.78;144.3;0.0
14580;1.40;15.0;0;-0.40;-0.59;10.20;-11.24;-5.42;-20.24;1.64;147.4;0.0
14600;1.20;14.8;-3975;0.17;-0.65;10.29;15.84;-10.59;-1.53;1.48;150.6;0.0
14621;0.90;15.0;0;0.06;-0.47;10.27;-14.31;-9.74;0.70;1.32;154.0;0.0
14641;0.70;15.0;-3963;0.36;-0.63;10.11;46.15;-3.59;3.67;1.15;157.3;0.0
14662;0.50;15.0;0;0.82;-0.73;10.18;55.42;7.60;5.77;0.99;160.7;0.0
14682;0.30;14.9;-4169;0.77;-0.12;10.12;7.27;6.84;1.65;0.84;164.0;0.0
14703;0.10;15.3;0;-0.42;-0.09;9.94;13.98;0.02;3.99;0.67;167.5;0.0
14723;-0.10;15.1;-4013;-0.25;-0.07;10.13;-13.54;-0.92;1.91;0.54;170.9;0.0
14744;-0.30;15.3;0;0.70;-0.31;10.57;-16.48;-5.69;-10.09;0.38;174.3;0.0
14764;-0.50;15.1;-3950;0.39;-0.15;10.44;8.02;-0.78;13.63;0.21;178.0;0.0
14785;-0.70;15.4;0;-0.40;-0.58;10.35;30.36;2.79;3.79;0.07;181.2;0.0
14805;-0.90;15.5;-3850;0.91;-0.52;10.06;-15.00;-1.88;-11.76;-0.10;185.0;0.0
14825;-1.10;15.3;0;-0.12;-0.15;10.15;31.90;-3.37;8.31;-0.26;188.3;0.1
14845;-1.30;15.4;-3919;-0.02;-0.29;9.94;7.97;2.58;0.86;-0.42;192.0;0.0
14866;-1.60;15.5;0;0.16;-0.15;10.05;6.65;-2.11;4.88;-0.57;195.5;0.0
14886;-1.70;15.7;-3638;0.03;-0.37;10.40;16.36;2.73;3.12;-0.71;199.3;0.0
14907;-2.00;15.7;0;0.48;-0.65;10.17;-8.39;-8.80;-2.25;-0.86;203.0;0.0
14927;-2.20;15.7;-3675;0.48;-0.34;10.55;-27.45;-6.76;-10.64;-1.02;206.7;0.0
14948;-2.30;16.0;0;0.17;-0.43;10.58;-39.64;-10.82;-5.31;-1.17;210.2;0.0
14968;-2.50;16.0;-3688;-0.08;-0.06;10.20;70.45;2.86;10.99;-1.33;214.3;0.1
14989;-2.70;16.2;0;-0.15;-0.13;10.11;52.31;-0.48;3.93;-1.46;218.0;0.1
15009;-2.90;15.9;-3681;0.01;-0.46;10.47;-13.73;-7.98;-3.08;-1.62;221.9;0.0
15030;-3.10;16.1;0;0.24;-0.21;10.06;-10.68;-1.10;-4.91;-1.76;225.9;0.1
15050;-3.20;16.4;-3656;-0.10;-0.22;9.90;35.74;3.12;0.40;-1.90;229.9;0.1
15071;-3.40;16.2;0;-0.13;-0.61;10.02;-78.52;6.09;-8.49;-2.04;233.9;0.1
15091;-3.60;16.5;-3563;0.24;-0.70;10.52;39.39;1.54;-4.37;-2.19;237.9;0.1
15112;-3.70;16.6;0;0.21;-0.22;10.61;-4.62;-1.65;-7.00;-2.31;241.7;0.1
15132;-3.90;16.4;-3444;-0.22;-0.08;10.08;3.31;8.80;4.21;-2.43;245.6;0.1
15153;-4.00;16.6;0;0.06;-0.15;10.01;8.93;5.12;-4.97;-2.56;249.6;0.1
15173;-4.10;16.8;-3144;-0.02;-0.14;10.39;14.23;-1.42;7.46;-2.67;253.6;0.2
15193;-4.30;16.9;0;0.70;-0.05;10.50;1.74;-2.36;17.18;-2.78;257.6;0.2
15214;-4.40;16.8;-2975;0.18;-0.19;10.17;-24.99;-3.85;-0.87;-2.90;261.6;0.2
15234;-4.50;17.0;0;-0.62;-0.52;9.95;-29.39;0.24;-7.54;-3.02;265.6;0.2
15254;-4.60;16.8;-3019;-0.28;-0.14;10.30;-16.43;-6.93;-2.78;-3.13;269.8;0.2
15275;-4.70;16.9;0;0.11;-0.55;10.38;-18.15;-3.06;-6.84;-3.24;273.9;0.2
15295;-4.80;17.2;-2919;-0.73;-0.16;10.17;-7.13;0.14;-1.65;-3.34;278.0;0.2
15316;-4.90;17.2;0;-0.26;-0.36;9.92;-20.11;-6.88;-14.48;-3.42;282.3;0.2
15336;-5.00;17.4;-2688;-0.09;-0.33;10.49;-13.06;0.73;-4.95;-3.51;286.5;0.2
15357;-5.00;17.4;0;-0.36;-0.38;9.98;-1.95;0.73;6.41;-3.62;290.3;0.2
15377;-5.10;17.2;-2638;-0.08;-0.16;10.09;37.93;3.05;6.77;-3.70;294.7;0.2
15398;-5.10;17.4;0;0.37;-0.19;10.38;-46.48;1.33;-5.71;-3.78;298.8;0.2
15418;-5.20;17.4;-2438;-0.32;-0.40;10.55;52.48;-2.78;13.12;-3.85;303.2;0.2
15439;-5.20;17.8;0;0.14;-0.38;10.10;40.77;3.67;9.00;-3.92;307.1;0.2
15459;-5.20;17.9;-2375;0.18;-0.70;10.52;38.91;-6.39;7.31;-4.01;311.6;0.2
15480;-5.20;17.8;0;-0.05;-0.11;10.19;43.49;4.63;1.57;-4.08;315.5;0.2
15500;-5.20;17.9;-2206;-0.03;-0.08;10.26;-1.87;-9.17;3.63;-4.14;319.8;0.2
15521;-5.20;18.1;0;0.19;-0.53;10.09;62.84;-5.90;3.99;-4.19;324.2;0.2
15541;-5.20;18.2;-2194;-0.14;-0.58;10.19;17.63;3.99;1.37;-4.24;328.4;0.2
15562;-5.20;18.0;0;0.08;-0.39;10.59;15.74;-1.23;5.28;-4.27;332.6;0.3
15582;-5.20;18.1;-2013;-0.08;-0.56;10.47;2.33;-7.69;4.88;-4.31;337.0;0.3
15602;-5.20;18.2;0;0.02;-0.65;10.50;6.45;0.45;1.82;-4.34;341.5;0.3
15622;-5.10;18.4;-1956;-0.07;-0.57;10.43;-21.39;2.45;-7.40;-4.37;346.1;0.3
15643;-5.10;18.2;0;0.30;-0.54;10.11;-16.29;3.61;2.42;-4.39;350.5;0.3
15663;-5.00;18.3;-1856;0.17;-0.70;10.52;15.54;4.62;3.88;-4.42;355.6;0.3
15684;-4.90;18.6;0;0.36;-0.56;10.13;-23.42;-3.12;-2.40;-4.43;360.0;0.3
15704;-4.90;18.4;-1769;-0.06;-0.14;10.26;-24.22;8.67;-5.55;-4.43;364.7;0.4
15725;-4.80;18.7;0;0.20;-0.51;10.03;-7.99;-0.68;0.77;-4.46;369.6;0.4
15745;-4.70;18.8;-1675;-0.00;-0.10;10.13;7.08;6.18;4.15;-4.46;374.8;0.4
15766;-4.60;18.8;0;-0.19;-0.13;10.08;-2.49;-1.61;-0.69;-4.45;379.6;0.3
15786;-4.60;19.0;-1544;0.36;-0.12;10.59;-2.02;-9.45;-1.46;-4.45;384.7;0.3
15807;-4.50;19.2;0;-0.06;-0.28;10.55;-17.91;-3.49;-4.33;-4.44;389.9;0.4
15827;-4.40;19.6;-1350;-0.06;-0.12;10.49;1.71;1.62;3.10;-4.43;394.9;0.3
15848;-4.20;19.7;0;-0.16;-0.63;10.44;-8.74;-4.89;1.48;-4.41;399.9;0.3
15868;-4.20;19.8;-1181;-0.00;-0.31;10.53;50.19;-6.98;-1.02;-4.40;404.9;0.4
15889;-4.00;24.1;0;-0.20;-0.65;10.24;16.28;0.54;0.05;-4.37;410.1;0.4
15909;-3.90;24.5;-1131;-0.12;-0.51;10.47;-2.52;4.43;-0.15;-4.33;415.4;0.4
15930;-3.80;24.6;0;0.22;-0.54;10.78;9.04;-10.95;-2.29;-4.30;420.4;0.4
15950;-3.70;25.0;-1006;0.13;-0.16;10.38;10.48;1.84;2.40;-4.25;425.9;0.4
15970;-3.50;25.2;0;-0.07;-0.56;10.41;-27.57;-3.86;2.77;-4.21;430.9;0.5
15991;-3.40;25.8;-925;-0.36;-0.45;10.55;32.88;-4.37;5.44;-4.16;436.1;0.5
16011;-3.30;25.9;0;0.57;-0.43;10.01;38.85;-4.54;21.09;-4.11;441.2;0.5
16031;-3.10;26.2;-813;0.36;-0.63;10.17;21.51;2.86;-0.98;-4.05;446.4;0.4
16052;-2.90;26.6;0;0.01;-0.55;10.48;-8.36;-6.82;8.38;-3.98;451.5;0.4
16072;-2.70;27.4;-719;0.07;-0.40;10.54;-12.49;-1.03;-9.44;-3.92;456.7;0.4
16093;-2.60;27.8;0;0.18;-0.72;10.34;-17.78;-2.20;-9.64;-3.84;461.8;0.4
16113;-2.40;28.5;-588;-0.19;-0.44;10.47;-3.39;2.80;2.51;-3.77;466.9;0.4
16134;-2.20;28.9;0;-0.03;-0.12;10.07;28.14;-2.67;3.96;-3.70;471.8;0.4
16154;-2.00;28.9;-469;0.11;-0.15;10.15;9.81;3.67;3.94;-3.61;477.1;0.4
16175;-1.90;29.2;0;-0.24;-0.52;10.39;-18.75;-5.74;-5.77;-3.53;481.9;0.5
16195;-1.70;29.3;-438;0.35;-0.63;10.46;48.10;-6.24;6.23;-3.45;486.9;0.4
16216;-1.50;29.5;0;0.31;-0.12;10.18;17.82;6.06;0.09;-3.36;492.0;0.5
16236;-1.30;29.6;-313;0.30;-0.40;10.59;-27.87;-3.04;-2.62;-3.27;497.3;0.5
16257;-1.10;30.0;0;-0.01;-0.27;10.49;51.02;-2.62;8.11;-3.18;502.4;0.5
16277;-0.90;30.4;-163;0.02;-0.20;10.28;-9.72;3.15;-0.55;-3.07;507.5;0.5
16298;-0.70;31.0;0;0.05;-0.23;10.33;-35.38;-4.04;-7.66;-2.96;512.9;0.5
16318;-0.40;31.4;-94;0.04;-0.35;10.56;-1.19;-4.10;-0.17;-2.86;518.2;0.5
16339;-0.20;31.8;0;0.39;-0.12;10.13;-11.72;-3.92;3.15;-2.75;523.5;0.5
16359;0.00;32.2;-56;-0.08;-0.70;10.23;-1.97;-2.95;0.95;-2.63;528.8;0.5
16379;0.10;32.3;0;0.35;-0.20;10.50;40.84;-3.61;5.47;-2.52;533.9;0.5
16399;0.30;33.4;31;0.16;-0.12;10.19;-15.84;-6.46;-4.20;-2.40;539.2;0.4
16420;0.60;33.5;0;0.55;-0.22;10.44;-0.10;-5.25;-0.27;-2.27;544.6;0.4
16440;0.80;33.7;188;0.12;-0.53;10.49;16.63;-1.74;1.21;-2.15;549.8;0.4
16461;1.00;34.1;0;-0.17;-0.25;10.40;-22.29;-0.79;-5.03;-2.03;555.2;0.4
16481;1.30;34.1;200;-0.05;-0.65;10.08;28.67;-8.20;-2.69;-1.88;560.4;0.5
16502;1.50;34.4;0;0.64;-0.15;10.23;12.62;-6.37;3.15;-1.76;565.6;0.4
16522;1.70;34.4;319;0.13;-0.11;10.30;8.52;-0.01;2.86;-1.62;571.4;0.4
16543;2.00;34.7;0;0.21;-0.36;10.44;37.11;-2.17;0.37;-1.47;576.9;0.4
16563;2.20;35.1;388;0.33;-0.24;10.07;25.86;-7.51;6.53;-1.32;582.7;0.5
16584;2.40;35.3;0;0.31;-0.10;10.22;-20.74;2.31;-1.58;-1.17;588.6;0.5
16604;2.70;35.4;450;0.09;-0.31;10.47;-0.27;-2.36;1.70;-1.02;594.6;0.4
16625;2.90;35.9;0;0.56;-0.55;10.40;-33.81;-1.36;-10.87;-0.86;600.4;0.4
16645;3.10;36.7;494;0.23;-0.16;10.24;-5.80;-1.79;2.29;-0.71;607.1;0.4
16666;3.40;37.5;0;0.11;-0.36;10.46;21.00;0.74;-6.51;-0.56;613.0;0.4
16686;3.60;38.0;619;0.43;-0.50;10.41;-56.90;1.33;-10.61;-0.39;619.0;0.3
16707;3.90;38.9;0;0.29;-0.16;9.91;-0.85;-1.26;-0.79;-0.22;624.9;0.4
16727;4.10;39.8;713;-0.18;-0.24;10.33;7.87;1.82;8.75;-0.04;630.7;0.4
16747;4.30;40.7;0;0.08;-0.58;10.29;-11.87;3.81;-6.76;0.12;636.2;0.4
16768;4.60;42.0;625;0.63;-0.63;10.52;14.12;-1.60;-5.03;0.29;641.8;0.4
16788;4.80;43.1;0;-0.30;-0.32;10.33;14.21;-4.50;-2.73;0.45;647.3;0.4
16808;5.00;44.4;644;0.54;-0.19;10.04;14.52;4.35;2.65;0.64;652.9;0.3
16829;5.30;44.6;0;0.39;-0.64;10.33;41.52;-2.99;2.46;0.80;658.2;0.3
16849;5.50;45.1;738;0.01;-0.13;10.27;-7.42;-0.69;2.03;1.00;664.2;0.3
16870;5.80;45.8;0;0.06;-0.26;10.34;-13.74;-2.67;-2.92;1.16;669.6;0.2
16890;6.00;46.3;806;-0.14;-0.39;10.33;37.69;-2.54;14.10;1.35;675.5;0.2
16911;6.30;47.0;0;0.09;-0.62;10.18;-5.70;2.02;-8.30;1.53;681.4;0.1
16931;6.50;47.3;963;-0.27;-0.38;10.19;7.74;-3.14;1.97;1.70;687.3;0.2
16952;6.70;47.1;0;-0.43;-0.39;10.16;-0.21;-2.24;3.88;1.87;693.2;0.2
16972;6.90;44.9;938;0.12;-0.36;10.28;-3.24;-4.24;2.18;2.03;699.0;0.2
16993;7.10;43.3;0;0.14;-0.08;9.94;-10.58;-4.84;-2.53;2.21;704.7;0.2
17013;7.30;41.9;994;0.18;-0.50;10.29;23.06;-1.75;3.71;2.37;710.5;0.3
17034;7.60;40.7;0;0.23;-0.16;9.95;-21.16;4.96;1.84;2.56;716.2;0.3
17054;7.80;39.6;1050;0.18;-0.27;10.20;-23.99;-1.15;-1.24;2.74;722.1;0.2
17075;8.00;38.6;0;0.21;-0.52;10.22;-7.59;2.83;-6.46;2.90;727.8;0.2
17095;8.20;38.0;1125;0.14;-0.55;10.20;-10.01;0.37;-1.45;3.07;733.5;0.2
17115;8.40;37.3;0;-0.02;-0.37;10.09;-3.87;-0.37;7.36;3.25;739.3;0.2
17136;8.60;37.0;1181;0.21;-0.51;10.24;3.89;1.49;-1.46;3.42;745.0;0.3
17156;8.80;36.8;0;0.31;-0.17;9.90;9.13;-2.68;-0.46;3.60;750.9;0.2
17176;9.00;36.4;1244;0.29;-0.52;10.22;3.74;-3.75;5.63;3.78;756.9;0.2
17197;9.20;35.9;0;-0.20;-0.35;10.14;16.81;3.51;9.89;3.95;762.2;0.2
17217;9.40;35.5;1219;0.04;-0.59;10.13;-34.29;3.39;-4.11;4.14;768.1;0.2
17238;9.60;34.9;0;0.16;-0.37;10.14;61.84;7.15;6.95;4.30;773.6;0.2
17258;9.80;34.3;1213;0.07;-0.13;9.97;4.66;-6.74;-0.76;4.48;780.1;0.2
17279;10.00;34.0;0;-0.14;-0.57;10.13;-2.23;-2.68;-5.33;4.64;786.0;0.3
17299;10.20;34.1;1244;0.27;-0.17;10.06;17.72;-2.93;8.50;4.83;792.8;0.2
17320;10.40;33.7;0;0.04;-0.11;9.87;7.42;2.44;1.83;5.00;799.1;0.2
17340;10.60;33.4;1369;-0.21;-0.24;9.99;8.23;-1.30;2.12;5.18;806.2;0.1
17361;10.80;33.3;0;0.27;-0.41;10.25;-22.00;-3.44;-4.60;5.34;812.9;0.1
17381;11.00;33.1;1388;-0.27;-0.47;10.02;-9.22;-5.09;-2.22;5.53;819.6;0.1
17402;11.20;33.0;0;-0.07;-0.54;9.99;1.47;-4.33;0.60;5.70;826.4;0.1
17422;11.40;33.0;1431;0.14;-0.25;10.09;46.33;-3.13;5.69;5.88;833.1;0.1
17443;11.60;32.8;0;0.17;-0.58;10.16;-34.48;-3.29;-2.20;6.06;839.8;0.1
17463;11.80;32.7;1463;0.29;-0.26;10.19;3.37;-1.72;1.70;6.23;846.6;0.1
17483;12.00;32.9;0;0.08;-0.29;10.08;-26.53;0.30;-10.12;6.41;854.4;0.1
17504;12.20;33.4;1313;-0.40;-0.36;10.00;-5.81;4.56;0.07;6.58;861.8;0.1
17524;12.40;35.3;0;0.15;-0.52;9.91;-16.61;0.15;1.73;6.76;868.0;0.0
17544;12.50;37.0;1213;0.35;-0.09;9.82;-2.20;4.27;-0.30;6.93;874.8;0.0
17565;12.70;38.8;0;-0.07;-0.24;9.61;-23.44;2.47;-9.07;7.11;883.0;0.0
17585;12.90;40.4;1238;0.63;-0.33;10.15;-9.26;-2.87;-7.66;7.27;890.9;0.0
17606;13.10;41.3;0;-0.22;-0.57;9.94;0.94;0.70;3.13;7.43;898.0;0.1
17626;13.30;41.9;1419;-0.18;-0.47;9.97;-10.10;1.93;-1.17;7.58;905.4;0.1
17647;13.40;43.4;0;0.33;-0.38;10.01;-29.90;-0.04;-6.62;7.76;913.1;0.2
17667;13.60;45.1;1475;0.40;-0.32;9.99;21.85;-1.88;-1.17;7.92;921.3;0.2
17688;13.80;45.7;0;-0.13;-0.78;9.75;-27.22;2.39;-20.82;8.11;928.0;0.2
17708;13.90;46.8;1481;0.56;-0.59;9.44;-12.19;9.22;10.11;8.25;933.0;0.2
17729;14.10;47.6;0;0.24;-0.61;9.93;-22.36;-6.13;4.08;8.39;938.1;0.1
17749;14.20;48.4;1563;0.38;-0.72;9.70;-31.74;-1.95;-2.75;8.55;944.4;0.2
17770;14.40;50.2;0;0.70;-0.33;10.05;15.88;8.20;5.94;8.71;951.5;0.2
17790;14.50;50.8;1625;1.00;-0.62;9.95;-9.87;-2.49;-10.50;8.85;957.5;0.2
17811;14.70;51.9;0;0.19;-0.65;9.71;-157.93;-1.37;-30.84;9.02;961.7;0.2
17831;14.80;52.3;1688;-0.90;-0.56;9.82;54.65;-3.82;7.55;9.16;966.0;0.2
17852;15.00;51.5;0;0.88;-0.13;9.76;16.26;-4.56;0.24;9.31;970.0;0.2
17872;15.10;52.4;1813;3.75;-0.16;10.96;-44.62;22.09;35.65;9.46;973.7;0.2
17892;15.30;53.0;0;0.09;-0.37;9.74;-3.99;-0.66;-1.56;9.61;973.9;0.1
17912;15.40;52.5;1813;0.10;-0.34;9.60;22.64;-0.56;2.82;9.75;973.9;0.1
17933;15.60;51.8;0;0.12;-0.42;9.60;7.98;0.71;1.63;9.87;973.9;0.1
17953;15.70;51.6;1813;0.16;-0.44;9.70;-3.00;0.41;-0.21;10.00;973.9;0.1
17974;15.90;51.5;0;0.09;-0.42;9.58;-5.25;-0.95;-0.30;10.13;973.9;0.1
17994;16.00;51.2;1800;0.19;-0.40;9.66;5.19;-0.74;1.04;10.26;973.9;0.1
18015;16.20;50.6;0;0.12;-0.39;9.60;-6.25;-0.91;-1.24;10.39;974.0;0.1
18035;16.30;50.1;1775;0.18;-0.46;9.58;5.40;-0.72;-0.40;10.52;974.0;0.1
18056;16.50;49.8;0;0.07;-0.36;9.56;-7.55;1.01;-1.23;10.65;973.9;0.1
18076;16.70;49.7;1781;0.16;-0.45;9.55;36.13;-2.35;2.97;10.78;973.9;0.1
18097;16.80;49.2;0;0.10;-0.39;9.60;10.13;-0.68;1.54;10.91;973.8;0.1
18117;16.90;48.8;1806;0.08;-0.42;9.55;18.28;-2.17;1.84;11.03;973.9;0.1
18138;17.10;48.3;0;0.18;-0.35;9.55;6.79;-0.48;1.80;11.17;973.9;0.1
18158;17.20;48.1;1800;0.10;-0.40;9.51;-7.50;-0.38;-0.48;11.30;974.0;0.1
18179;17.40;47.9;0;0.07;-0.43;9.53;37.77;1.93;5.31;11.42;973.9;0.1
18199;17.50;47.6;1819;0.10;-0.40;9.62;-13.57;0.18;-2.63;11.54;973.9;0.1
18220;17.60;47.3;0;0.07;-0.48;9.67;-12.99;-0.24;-1.70;11.68;973.9;0.0
18240;17.80;47.1;1838;0.09;-0.40;9.60;4.74;0.05;1.77;11.80;974.0;0.0
18260;17.90;47.0;0;0.10;-0.45;9.58;-5.32;0.34;0.52;11.92;973.9;0.0
18281;18.00;46.8;1838;0.12;-0.41;9.62;-14.45;0.22;-1.25;12.03;973.9;0.0
18301;18.20;46.7;0;0.13;-0.35;9.53;3.18;-0.74;0.17;12.15;973.9;0.0
18321;18.30;46.3;1838;0.13;-0.27;9.51;3.19;0.32;0.39;12.28;974.0;0.0
18342;18.40;46.0;0;0.05;-0.42;9.62;-14.73;3.16;-1.14;12.38;973.9;0.0
18362;18.50;45.9;1819;0.16;-0.42;9.52;31.42;-1.17;4.83;12.50;974.0;0.0
18383;18.70;45.7;0;0.13;-0.46;9.57;-0.72;-1.24;0.89;12.61;974.0;0.0
18403;18.80;45.4;1794;0.10;-0.41;9.55;9.33;-4.10;-0.43;12.72;974.0;0.0
18424;18.90;45.2;0;0.17;-0.38;9.56;42.24;-4.71;6.63;12.82;974.0;0.0
18444;19.00;45.2;1825;0.05;-0.41;9.55;-37.39;1.41;-3.46;12.95;973.9;0.0
18465;19.10;45.2;0;0.11;-0.38;9.57;-26.55;-0.21;-3.96;13.05;974.1;0.0
18485;19.20;45.0;1856;0.10;-0.51;9.63;-76.74;-1.20;-15.40;13.15;974.0;0.0
18506;19.30;44.9;0;0.10;-0.42;9.49;-23.37;-0.08;-3.11;13.21;974.0;0.0
18526;19.40;44.9;1906;0.14;-0.40;9.48;22.74;-3.55;6.35;13.30;974.0;0.0
18547;19.50;44.8;0;0.11;-0.37;9.60;36.97;0.68;5.89;13.40;974.0;0.0
18567;19.50;44.6;1906;0.09;-0.39;9.48;35.94;-0.53;6.73;13.51;974.1;0.0
18588;19.60;44.4;0;0.09;-0.37;9.55;-4.20;-1.01;0.70;13.59;974.0;0.0
18608;19.70;44.4;1944;0.12;-0.37;9.55;9.27;-1.22;1.53;13.69;974.0;0.0
18628;19.80;44.3;0;0.14;-0.41;9.51;7.56;-0.31;1.04;13.77;973.9;0.0
18649;19.90;44.2;1963;0.13;-0.40;9.48;-13.52;0.00;-1.18;13.88;973.9;0.0
18669;20.00;44.2;0;0.14;-0.44;9.51;-20.05;0.68;-1.16;13.97;974.0;0.0
18689;20.10;44.1;1988;0.09;-0.42;9.41;7.66;-0.30;1.46;14.06;974.0;0.0
18710;20.20;44.1;0;0.15;-0.38;9.45;1.47;-0.72;1.31;14.17;974.0;0.1
18730;20.20;44.0;1994;0.12;-0.40;9.57;-18.56;-0.65;-2.06;14.27;974.0;0.0
18751;20.30;44.0;0;0.09;-0.42;9.43;-6.46;1.87;-0.54;14.36;974.0;0.0
18771;20.40;44.0;2019;0.18;-0.37;9.46;21.81;0.69;4.96;14.47;974.0;0.0
18792;20.50;44.0;0;0.07;-0.42;9.47;26.49;-5.52;7.60;14.55;973.9;0.0
18812;20.60;44.0;2006;0.11;-0.50;9.45;4.78;0.25;-4.43;14.65;974.0;0.1
18833;20.70;43.9;0;0.12;-0.32;9.50;-4.91;-0.91;-1.10;14.74;974.0;0.1
18853;20.80;43.9;2013;0.06;-0.44;9.48;8.36;1.60;2.26;14.83;974.0;0.0
18874;20.90;43.8;0;0.06;-0.38;9.52;-6.06;-1.36;-0.63;14.92;974.0;0.0
18894;20.90;43.7;2031;0.10;-0.37;9.47;-2.93;0.00;-0.13;15.02;974.1;0.0
18915;21.00;43.9;0;0.08;-0.36;9.42;-0.56;1.96;-0.48;15.10;974.0;0.0
18935;21.10;43.9;2044;0.10;-0.37;9.46;-9.48;2.33;-1.88;15.21;973.9;0.0
18956;21.20;44.1;0;0.17;-0.40;9.41;2.90;-1.59;0.30;15.30;974.0;0.0
18976;21.30;44.2;2044;0.08;-0.42;9.44;20.78;-1.17;4.14;15.38;974.0;0.0
18997;21.40;44.1;0;0.15;-0.35;9.42;-7.78;0.86;-0.82;15.47;974.0;0.0
19017;21.50;43.8;2044;0.14;-0.38;9.38;9.41;-0.60;2.01;15.56;973.9;0.0
19037;21.50;43.7;0;0.12;-0.46;9.48;-2.77;0.35;0.13;15.65;974.0;0.0
19057;21.60;43.7;2044;0.10;-0.48;9.40;-0.16;0.05;0.47;15.73;974.0;0.0
19078;21.70;43.7;0;0.15;-0.42;9.46;-1.36;3.10;1.83;15.83;974.0;0.0
19098;21.80;43.8;2025;0.09;-0.36;9.49;32.98;0.49;2.43;15.91;974.0;0.0
19119;21.90;43.8;0;0.09;-0.35;9.51;-15.89;-0.40;-0.60;15.99;974.0;0.0
19139;21.90;43.7;2100;0.15;-0.39;9.45;-1.79;0.44;-0.52;16.09;974.0;0.0
19160;22.00;43.7;0;0.13;-0.34;9.40;-1.72;-1.31;0.51;16.17;974.1;0.0
19180;22.10;43.8;2163;0.12;-0.37;9.45;12.51;0.47;2.10;16.26;974.0;0.0
19201;22.20;43.9;0;0.18;-0.41;9.33;-16.36;0.02;-1.30;16.34;974.0;0.0
19221;22.20;43.8;2119;0.13;-0.42;9.32;-35.61;-0.48;-5.72;16.43;974.1;0.0
19242;22.30;43.6;0;0.06;-0.41;9.31;13.50;-0.14;5.14;16.51;974.1;0.0
19262;22.40;43.6;2056;0.10;-0.39;9.43;14.65;-0.24;2.66;16.60;974.1;0.0
19283;22.50;43.7;0;0.08;-0.38;9.54;13.38;0.38;2.38;16.67;974.1;0.0
19303;22.50;43.6;2050;0.09;-0.39;9.41;0.89;0.20;0.92;16.76;974.1;0.0
19324;22.60;43.7;0;0.07;-0.37;9.46;4.72;-1.29;1.47;16.83;974.1;0.0
19344;22.70;43.8;2031;0.10;-0.41;9.43;0.39;-2.40;0.02;16.92;974.1;0.0
19365;22.80;43.8;0;0.08;-0.38;9.44;10.81;-0.96;6.27;16.99;974.1;0.0
19385;22.80;43.8;1988;0.11;-0.47;9.43;5.52;-2.53;4.81;17.07;974.1;0.0
19405;22.90;43.7;0;0.14;-0.40;9.50;-12.29;-1.17;-0.94;17.14;974.1;0.0
19425;23.00;43.8;1969;0.11;-0.34;9.35;-12.48;3.02;-2.08;17.21;974.2;0.0
19446;23.00;43.8;0;0.16;-0.34;9.38;-19.39;-1.54;-1.20;17.28;974.2;0.0
19466;23.10;43.8;1956;0.05;-0.39;9.34;-2.73;0.40;0.58;17.34;974.2;0.0
19487;23.10;43.8;0;0.16;-0.36;9.46;5.87;-0.51;1.09;17.39;974.1;0.0
19507;23.20;43.7;1969;0.06;-0.43;9.40;-27.13;-1.53;-2.51;17.46;974.1;0.0
19528;23.20;44.0;0;0.12;-0.41;9.45;-26.57;0.96;-1.86;17.52;974.1;0.0
19548;23.30;43.9;2013;0.22;-0.43;9.34;3.61;4.44;1.84;17.57;974.1;0.1
19569;23.30;43.9;0;0.18;-0.35;9.34;17.08;-0.90;3.86;17.61;974.1;0.1
19589;23.40;43.8;2056;0.15;-0.39;9.36;13.27;-0.54;1.70;17.68;974.1;0.1
19610;23.40;43.8;0;0.16;-0.38;9.29;8.46;-0.11;2.14;17.73;974.2;0.1
19630;23.40;43.8;2075;0.15;-0.34;9.31;-5.91;0.11;-0.35;17.78;974.2;0.1
19651;23.50;43.8;0;0.12;-0.38;9.34;-10.76;0.38;-1.44;17.84;974.2;0.2
19671;23.50;43.8;2113;0.10;-0.36;9.33;11.12;-0.59;3.53;17.90;974.2;0.2
19692;23.60;43.8;0;0.08;-0.44;9.37;-7.43;-0.22;-0.95;17.95;974.1;0.2
19712;23.60;43.7;2125;0.06;-0.42;9.43;-3.17;0.46;0.17;18.02;974.2;0.1
19733;23.70;43.8;0;0.10;-0.43;9.30;-6.29;-0.72;-1.83;18.10;974.1;0.1
19753;23.70;43.8;2144;0.08;-0.47;9.30;11.60;-2.64;-2.04;18.17;974.1;0.2
19773;23.80;43.8;0;0.14;-0.43;9.36;-20.71;0.29;-1.33;18.24;974.2;0.1
19793;23.90;43.7;2163;0.08;-0.35;9.31;12.56;0.72;3.47;18.31;974.2;0.1
19814;23.90;43.8;0;0.14;-0.41;9.39;-20.84;0.23;-3.95;18.39;974.1;0.0
19834;24.00;43.7;2213;0.12;-0.44;9.37;-34.33;-0.16;-4.76;18.46;974.1;0.0
19855;24.10;43.8;0;0.10;-0.35;9.38;-0.56;-0.45;3.48;18.54;974.1;0.0
19875;24.10;43.7;2231;0.14;-0.43;9.33;-15.35;1.67;-1.55;18.61;974.2;0.0
19896;24.20;43.7;0;0.10;-0.44;9.36;-6.05;0.21;0.17;18.69;974.1;0.0
19916;24.30;43.7;2163;0.11;-0.38;9.33;-18.92;0.64;-2.58;18.76;974.1;0.0
19937;24.40;43.8;0;0.09;-0.36;9.29;-9.58;1.27;-0.14;18.83;974.1;0.0
19957;24.40;43.8;2138;0.11;-0.41;9.29;-10.18;-2.24;-2.91;18.91;974.1;0.0
19978;24.50;43.8;0;0.15;-0.37;9.34;-8.76;1.41;-0.98;18.97;974.1;0.0
19998;24.60;43.8;2125;0.09;-0.42;9.38;-6.68;0.19;-0.38;19.04;974.1;0.0
20019;24.60;43.8;0;0.11;-0.44;9.33;0.03;0.51;-0.28;19.10;974.1;0.0
20039;24.70;43.9;2106;0.12;-0.46;9.32;-8.55;0.02;-1.69;19.16;974.1;0.0
20060;24.80;43.9;0;0.14;-0.42;9.29;-3.57;0.02;0.09;19.22;974.2;0.0
20080;24.80;44.0;2088;0.13;-0.52;9.37;-11.89;0.60;-0.55;19.28;974.1;0.0
20101;24.90;44.0;0;0.17;-0.46;9.14;2.48;1.37;1.86;19.33;974.2;0.0
20121;24.90;44.3;2044;0.15;-0.43;9.36;12.21;-1.09;1.76;19.40;974.2;0.0
20141;25.00;44.2;0;0.14;-0.48;9.29;29.10;-0.61;5.66;19.44;974.1;0.0
20162;25.00;44.3;2031;0.10;-0.46;9.26;8.35;-0.84;2.83;19.50;974.2;0.0
20182;25.10;44.2;0;0.13;-0.37;9.44;2.97;-2.55;-1.12;19.56;974.2;0.0
20202;25.10;44.3;2031;0.13;-0.36;9.37;4.26;1.12;1.34;19.60;974.2;0.0
20223;25.10;44.3;0;0.16;-0.34;9.30;-2.16;0.41;1.61;19.63;974.2;0.0
20243;25.20;44.4;2031;0.12;-0.36;9.38;-6.13;1.70;-1.22;19.68;974.2;0.0
20264;25.20;44.4;0;0.15;-0.37;9.37;0.93;-0.33;0.86;19.72;974.1;0.0
20284;25.20;44.4;2050;0.10;-0.41;9.37;1.61;0.19;0.78;19.75;974.2;0.0
20305;25.30;44.3;0;0.16;-0.40;9.25;3.35;4.90;-3.30;19.79;974.1;0.0
20325;25.30;44.4;2063;0.14;-0.44;9.29;5.09;0.51;0.69;19.83;974.2;0.0
20346;25.30;44.4;0;0.09;-0.40;9.37;1.48;-0.18;-0.23;19.86;974.1;0.1
20366;25.30;44.3;2081;0.15;-0.35;9.32;-3.62;-0.72;-0.20;19.90;974.1;0.0
20387;25.30;44.3;0;0.13;-0.39;9.33;2.49;-0.05;2.47;19.92;974.1;0.0
20407;25.30;44.3;2081;0.16;-0.47;9.19;15.46;-0.20;3.96;19.97;974.2;0.0
20428;25.40;44.3;0;0.12;-0.45;9.27;-24.82;-0.79;-5.72;20.00;974.2;0.0
20448;25.40;44.3;2081;0.12;-0.37;9.35;-12.53;0.60;-0.11;20.04;974.2;0.1
20469;25.40;44.4;0;0.16;-0.41;9.29;-29.22;0.73;-4.43;20.08;974.2;0.1
20489;25.40;44.4;2094;0.12;-0.38;9.22;-24.68;0.54;-3.29;20.10;974.1;0.1
20509;25.50;44.5;0;0.15;-0.43;9.35;-1.74;-1.71;-1.95;20.14;974.2;0.1
20530;25.50;44.4;2150;0.12;-0.41;9.28;-6.53;0.09;0.82;20.18;974.2;0.1
20550;25.50;44.5;0;0.08;-0.45;9.25;-6.88;1.70;-0.40;20.20;974.2;0.1
20570;25.50;44.5;2144;0.07;-0.45;9.25;-1.18;-0.09;-1.67;20.25;974.2;0.1
20591;25.50;44.6;0;0.14;-0.42;9.25;-25.10;-2.10;-7.25;20.28;974.2;0.1
20611;25.60;44.6;2150;0.13;-0.46;9.26;-11.36;0.70;-0.20;20.32;974.1;0.1
20632;25.60;44.7;0;0.12;-0.45;9.34;-27.38;0.01;1.25;20.37;974.1;0.1
20652;25.60;44.8;2156;0.09;-0.42;9.34;-16.29;-0.64;-4.43;20.42;974.2;0.1
20673;25.70;44.7;0;0.15;-0.38;9.29;7.94;0.01;1.29;20.46;974.2;0.1
20693;25.70;44.7;2175;0.11;-0.36;9.35;29.53;-0.56;6.16;20.50;974.2;0.1
20714;25.70;44.6;0;0.13;-0.43;9.23;8.31;-0.40;-0.80;20.55;974.1;0.1
20734;25.70;44.7;2213;0.12;-0.41;9.33;1.80;-0.24;-0.15;20.60;974.2;0.1
20755;25.80;44.6;0;0.05;-0.39;9.26;3.32;-0.59;1.62;20.65;974.2;0.1
20775;25.80;44.7;2219;0.13;-0.44;9.17;-13.92;1.44;-1.59;20.71;974.2;0.1
20796;25.90;44.7;0;0.11;-0.37;9.17;-0.79;0.66;0.26;20.75;974.2;0.1
20816;25.90;44.7;2213;0.17;-0.43;9.26;-2.71;0.24;0.24;20.80;974.2;0.1
20837;26.00;44.6;0;0.11;-0.38;9.29;3.78;-0.43;1.43;20.85;974.3;0.1
20857;26.00;44.5;2188;0.08;-0.40;9.21;1.28;0.08;1.16;20.90;974.2;0.1
20878;26.00;44.6;0;0.05;-0.40;9.23;-7.75;0.97;-1.37;20.95;974.2;0.1
20898;26.10;44.5;2188;0.09;-0.43;9.31;-8.65;-1.01;0.67;20.99;974.2;0.0
20918;26.10;44.5;0;0.09;-0.36;9.30;1.32;0.11;-0.64;21.04;974.2;0.0
20938;26.20;44.5;2163;0.12;-0.38;9.30;-2.19;-0.07;0.51;21.10;974.2;0.0
20959;26.20;44.5;0;0.12;-0.41;9.23;-0.81;0.67;1.15;21.14;974.1;0.0
20979;26.30;44.5;2131;0.11;-0.43;9.22;10.16;-0.56;1.90;21.19;974.2;0.0
21000;26.30;44.5;0;0.15;-0.39;9.25;16.33;-0.16;2.66;21.23;974.2;0.0
21020;26.30;44.5;2113;0.12;-0.38;9.24;8.48;-0.29;1.76;21.28;974.2;0.0
21041;26.40;44.6;0;0.17;-0.42;9.23;12.46;-1.48;2.76;21.32;974.3;0.0
21061;26.40;44.6;2150;0.17;-0.45;9.25;12.66;0.01;3.09;21.36;974.2;0.0
21082;26.50;44.5;0;0.13;-0.42;9.27;12.09;-0.23;2.06;21.39;974.2;0.1
21102;26.50;44.5;2181;0.13;-0.44;9.25;0.62;0.28;0.63;21.43;974.2;0.0
21123;26.50;44.4;0;0.10;-0.42;9.17;-4.23;0.19;-0.23;21.48;974.2;0.1
21143;26.60;44.4;2206;0.10;-0.44;9.29;0.51;0.18;0.42;21.52;974.2;0.1
21164;26.60;44.4;0;0.08;-0.37;9.32;2.40;-0.74;0.59;21.56;974.2;0.1
21184;26.60;44.3;2231;0.12;-0.40;9.23;4.39;0.12;1.05;21.60;974.2;0.1
21205;26.70;44.3;0;0.10;-0.43;9.19;9.91;-0.14;1.44;21.64;974.2;0.1
21225;26.70;44.4;2225;0.11;-0.44;9.16;-37.81;-1.59;-8.79;21.68;974.2;0.1
21246;26.70;44.4;0;0.11;-0.45;9.22;-8.48;-0.92;0.57;21.72;974.2;0.1
21266;26.70;44.4;2213;0.10;-0.43;9.17;7.20;0.49;1.36;21.76;974.2;0.1
21286;26.80;44.3;0;0.12;-0.47;9.17;-31.81;0.44;-4.08;21.80;974.2;0.1
21306;26.80;44.2;2244;0.14;-0.35;9.15;-13.60;0.59;-2.29;21.85;974.1;0.1
21327;26.90;44.2;0;0.15;-0.43;9.17;-3.87;-0.17;0.49;21.88;974.2;0.1
21347;26.90;44.2;2244;0.11;-0.34;9.26;-8.18;2.31;-0.53;21.95;974.2;0.1
21368;26.90;44.2;0;0.13;-0.43;9.22;-3.22;-0.06;0.28;21.99;974.2;0.1
21388;26.90;44.2;2288;0.12;-0.42;9.18;2.29;0.74;1.70;22.04;974.2;0.0
21409;27.00;44.2;0;0.16;-0.39;9.25;3.93;-0.43;0.58;22.07;974.2;0.0
21429;27.00;44.1;2294;0.11;-0.44;9.19;2.86;0.43;1.91;22.12;974.2;0.1
21450;27.10;44.1;0;0.10;-0.40;9.21;8.99;0.72;1.19;22.16;974.3;0.1
21470;27.10;44.1;2306;0.11;-0.37;9.20;-1.23;1.10;-1.04;22.20;974.2;0.0
21491;27.10;44.0;0;0.13;-0.41;9.25;-5.21;-0.51;0.09;22.25;974.3;0.1
21511;27.20;44.0;2338;0.13;-0.32;9.20;-7.30;0.49;-0.08;22.29;974.2;0.1
21532;27.20;44.0;0;0.16;-0.44;9.19;0.59;0.16;0.50;22.33;974.2;0.1
21552;27.30;43.9;2294;0.11;-0.46;9.14;1.94;0.08;1.16;22.38;974.2;0.1
21573;27.30;43.8;0;0.11;-0.33;9.13;-5.77;0.60;-0.50;22.41;974.2;0.1
21593;27.30;43.9;2244;0.15;-0.43;9.22;4.99;0.22;1.45;22.46;974.2;0.1
21614;27.30;43.8;0;0.16;-0.37;9.21;-2.11;0.03;0.21;22.49;974.2;0.1
21634;27.40;43.8;2294;0.12;-0.40;9.13;-1.71;0.28;0.17;22.54;974.1;0.1
21654;27.40;43.8;0;0.12;-0.36;9.17;-7.42;-0.20;-0.25;22.59;974.1;0.1
21674;27.50;43.7;2288;0.13;-0.37;9.13;-9.22;-0.55;6.89;22.63;974.2;0.1
21695;27.50;43.7;0;0.15;-0.39;9.09;-2.20;-0.03;0.08;22.67;974.1;0.1
21715;27.50;43.7;2294;0.15;-0.37;9.23;19.61;1.58;4.11;22.71;974.2;0.1
21736;27.60;43.7;0;0.16;-0.34;9.18;1.97;-0.07;1.37;22.75;974.2;0.1
21756;27.60;43.7;2325;0.16;-0.33;9.16;-8.04;0.45;-0.75;22.80;974.2;0.1
21777;27.60;43.6;0;0.11;-0.39;9.14;-1.24;-0.04;-0.62;22.84;974.2;0.1
21797;27.70;43.7;2331;0.08;-0.40;9.18;-2.20;-0.06;0.89;22.88;974.2;0.1
21818;27.70;43.6;0;0.09;-0.37;9.23;0.66;0.43;0.49;22.92;974.1;0.1
21838;27.80;43.5;2331;0.13;-0.43;9.13;-3.52;0.31;0.15;22.96;974.1;0.1
21859;27.80;43.5;0;0.11;-0.41;9.17;-3.09;0.13;0.47;23.01;974.1;0.1
21879;27.80;43.5;2344;0.09;-0.43;9.21;-3.26;0.21;-0.03;23.05;974.1;0.1
21900;27.90;43.5;0;0.13;-0.40;9.22;-0.08;0.02;0.51;23.10;974.2;0.1
21920;27.90;43.5;2356;0.19;-0.44;9.18;-0.11;0.10;0.01;23.14;974.1;0.1
21941;27.90;43.4;0;0.12;-0.45;9.28;-4.13;-0.14;0.02;23.19;974.2;0.1
21961;28.00;43.5;2363;0.05;-0.40;9.19;-3.86;-0.18;-0.42;23.23;974.1;0.1
21982;28.00;43.5;0;0.13;-0.39;9.16;-11.48;-1.35;-4.45;23.27;974.2;0.1
22002;28.10;43.5;2375;0.09;-0.44;9.15;-2.10;-0.07;-0.27;23.31;974.2;0.1
22022;28.10;43.4;0;0.12;-0.41;9.16;-9.13;0.06;-0.80;23.38;974.1;0.1
22043;28.20;43.4;2338;0.07;-0.38;9.12;-16.39;0.84;-2.24;23.42;974.2;0.1
22063;28.20;43.3;0;0.13;-0.44;9.20;-1.20;-0.30;0.47;23.46;974.2;0.1
22083;28.20;43.2;2306;0.21;-0.41;9.23;-3.75;0.76;-0.33;23.51;974.1;0.0
22104;28.30;43.2;0;0.10;-0.38;9.15;-2.60;0.48;0.73;23.55;974.1;0.0
22124;28.30;43.2;2306;0.12;-0.41;9.14;-1.13;-0.24;0.44;23.59;974.2;0.0
22145;28.40;43.1;0;0.16;-0.47;9.12;-8.07;-0.14;-0.42;23.63;974.1;0.0
22165;28.40;43.1;2263;0.12;-0.34;9.14;-12.93;-0.45;-1.30;23.67;974.1;0.0
22186;28.40;43.1;0;0.06;-0.39;9.17;7.02;-1.13;-2.48;23.70;974.2;0.0
22206;28.50;43.0;2244;0.10;-0.46;9.12;-10.68;-0.04;-1.81;23.74;974.1;0.0
22227;28.50;43.0;0;0.09;-0.39;9.19;-11.66;0.22;-0.34;23.78;974.1;0.0
22247;28.60;43.0;2269;0.16;-0.38;9.14;-4.56;0.21;-0.04;23.81;974.1;0.0
22268;28.60;42.9;0;0.16;-0.42;9.10;2.29;0.18;1.15;23.85;974.1;0.1
22288;28.60;43.0;2344;0.13;-0.37;9.18;-0.32;0.25;0.91;23.88;974.2;0.1
22309;28.70;42.9;0;0.18;-0.41;9.14;-6.57;1.22;-1.34;23.91;974.1;0.1
22329;28.70;42.9;2388;0.11;-0.37;9.22;-1.77;0.05;0.88;23.94;974.2;0.1
22350;28.70;42.8;0;0.15;-0.35;9.13;-1.15;1.94;2.12;23.98;974.1;0.1
22370;28.70;42.8;2406;0.11;-0.31;9.15;-3.67;-1.04;-3.82;24.01;974.1;0.1
22390;28.80;42.8;0;0.11;-0.41;9.09;23.32;2.60;4.67;24.04;974.1;0.1
22411;28.80;42.8;2356;0.13;-0.43;9.11;39.34;-3.34;8.23;24.09;974.1;0.1
22431;28.80;42.7;0;0.12;-0.43;9.20;-2.47;-0.43;0.40;24.11;974.0;0.1
22451;28.80;42.7;2356;0.09;-0.37;9.17;-16.71;3.02;-3.40;24.16;974.1;0.1
22472;28.80;42.6;0;0.08;-0.43;9.17;6.22;0.30;2.25;24.20;974.1;0.1
22492;28.90;42.5;2338;0.12;-0.37;9.15;-18.51;-0.01;-2.66;24.22;974.0;0.1
22513;28.90;42.6;0;0.16;-0.46;9.02;-5.58;-0.14;-0.94;24.27;974.1;0.0
22533;28.90;42.4;2263;0.07;-0.39;9.10;22.39;-1.12;4.63;24.31;974.1;0.0
22554;29.00;42.4;0;0.09;-0.36;9.13;10.32;3.86;4.20;24.34;974.1;0.0
22574;29.00;42.4;2269;0.24;-0.39;9.12;-9.73;-14.20;2.28;24.36;974.1;0.0
22595;29.00;42.3;0;0.12;-0.52;9.17;37.53;-0.72;7.71;24.40;974.1;0.0
22615;29.10;42.3;2225;0.10;-0.40;9.12;-8.43;0.70;-1.68;24.42;974.0;0.0
22636;29.10;42.2;0;0.12;-0.41;9.20;6.66;-0.62;1.93;24.45;974.0;0.0
22656;29.10;42.2;2250;0.07;-0.40;9.22;-15.49;0.00;-0.95;24.48;974.0;0.0
22677;29.10;42.3;0;0.08;-0.39;9.13;4.49;0.42;1.23;24.51;974.0;0.0
22697;29.20;42.3;2263;0.13;-0.41;9.21;-13.10;-0.27;-0.45;24.53;974.1;0.1
22718;29.20;42.2;0;0.10;-0.44;9.43;24.92;-1.40;1.71;24.55;974.1;0.1
22738;29.20;42.2;2263;-0.05;-0.46;9.64;50.74;2.30;14.33;24.58;974.0;0.1
22759;29.20;42.2;0;0.15;-0.46;9.45;-12.06;1.19;-1.70;24.61;974.1;0.1
22779;29.20;42.2;2263;0.12;-0.38;9.40;-41.46;0.19;-7.01;24.62;974.1;0.1
22799;29.20;42.2;0;0.05;-0.33;9.41;-28.62;2.05;-4.98;24.64;974.1;0.1
22819;29.20;42.2;2269;-0.37;-0.46;9.72;39.88;-12.19;-11.53;24.69;974.1;0.1
22840;29.20;42.1;0;0.11;-0.35;9.64;-56.84;-8.01;-15.01;24.71;974.0;0.1
22860;29.20;42.2;2244;-0.01;-0.18;9.69;-14.92;0.83;-4.30;24.72;974.1;0.1
22881;29.10;42.2;0;-0.04;-0.40;9.68;5.84;9.41;-3.47;24.74;974.1;0.1
22901;29.20;42.3;2256;-0.07;-0.36;9.64;29.78;-1.03;9.80;24.76;974.1;0.1
22922;29.20;42.3;0;-0.27;-1.18;10.04;189.16;5.23;41.51;24.79;974.1;0.1
22942;29.20;42.3;2263;0.30;-0.43;9.77;-3.21;0.42;-1.87;24.81;974.1;0.1
22963;29.20;42.3;0;-0.08;-0.44;9.67;-12.39;4.82;-12.45;24.83;974.1;0.1
22983;29.20;42.3;2256;0.08;-0.43;9.79;22.83;0.73;6.65;24.84;974.1;0.0
23004;29.20;42.3;0;0.06;-0.41;9.64;15.32;-0.47;6.13;24.85;974.1;0.1
23024;29.20;42.3;2263;0.00;-0.38;9.71;-4.25;0.83;0.76;24.87;974.1;0.1
23045;29.20;42.3;0;0.05;-0.39;9.78;-8.80;1.41;-1.91;24.88;974.1;0.1
23065;29.20;42.2;2281;-0.05;-0.39;9.77;-13.13;1.04;-3.40;24.90;974.1;0.1
23086;29.30;42.3;0;0.24;-0.06;9.59;-67.17;2.01;-31.47;24.91;974.1;0.1
23106;29.30;42.1;2281;0.05;-0.37;9.79;40.61;1.25;4.46;24.94;974.1;0.1
23127;29.30;42.1;0;0.05;-0.40;9.65;39.31;2.86;10.09;24.95;974.1;0.1
23147;29.30;42.2;2275;0.02;-0.47;9.65;32.69;0.96;6.80;24.97;974.1;0.1
23167;29.30;42.1;0;-0.15;-0.36;9.54;48.27;-14.24;16.79;24.98;974.1;0.1
23188;29.30;42.1;2256;0.01;-0.43;9.66;7.34;-1.36;6.49;25.00;974.2;0.1
23208;29.40;42.1;0;0.09;-0.41;9.67;-25.11;1.82;-4.34;25.01;974.1;0.1
23228;29.40;42.1;2238;-0.00;-0.46;9.71;-27.91;2.42;-10.27;25.02;974.1;0.1
23249;29.40;42.1;0;0.06;-0.44;9.81;9.90;-0.27;4.23;25.03;974.2;0.1
23269;29.40;42.1;2238;0.03;-0.43;9.79;12.55;-0.02;3.38;25.04;974.2;0.1
23290;29.40;42.1;0;0.04;-0.38;9.62;-22.00;-0.66;-4.62;25.06;974.1;0.1
23310;29.40;42.1;2275;-0.10;-0.40;9.70;17.94;-0.11;4.54;25.07;974.1;0.1
23331;29.50;42.1;0;0.00;-0.42;9.66;19.54;-0.57;4.95;25.09;974.0;0.1
23351;29.50;42.0;2325;0.05;-0.49;9.73;59.57;0.18;13.57;25.12;974.1;0.1
23372;29.50;42.0;0;0.04;-0.33;9.71;9.72;0.75;3.08;25.13;974.1;0.1
23392;29.50;42.0;2313;0.01;-0.44;9.71;9.66;0.12;2.96;25.15;974.1;0.1
23413;29.50;42.0;0;-0.00;-0.39;9.78;0.63;0.35;0.90;25.17;974.1;0.1
23433;29.60;42.0;2300;0.04;-0.43;9.56;-1.93;0.12;0.34;25.19;974.1;0.1
23454;29.60;42.1;0;0.07;-0.33;9.69;0.54;0.11;1.60;25.21;974.1;0.1
23474;29.60;42.0;2288;-0.02;-0.40;9.71;-4.10;0.28;-0.47;25.23;974.1;0.1
23495;29.60;42.0;0;-0.01;-0.41;9.64;-0.28;0.51;0.99;25.25;974.1;0.1
23515;29.70;42.0;2269;0.00;-0.41;9.66;-0.64;-0.30;1.34;25.27;974.1;0.1
23535;29.70;42.0;0;0.10;-0.42;9.72;9.84;0.07;2.31;25.30;974.2;0.1
23556;29.70;42.0;2263;0.04;-0.40;9.76;3.58;0.05;0.73;25.32;974.1;0.1
23576;29.80;41.9;0;0.02;-0.40;9.73;1.91;0.58;1.09;25.34;974.1;0.1
23596;29.80;41.9;2306;0.03;-0.36;9.75;1.70;0.13;1.48;25.36;974.1;0.1
23617;29.90;41.9;0;0.05;-0.37;9.67;-2.71;0.31;0.04;25.38;974.1;0.1
23637;29.90;41.9;2300;0.03;-0.40;9.70;0.03;0.04;0.18;25.40;974.0;0.1
23658;29.90;41.8;0;0.00;-0.43;9.64;2.13;0.49;0.79;25.42;974.1;0.1
23678;29.90;41.9;2281;0.04;-0.36;9.63;-1.70;0.18;0.30;25.44;974.1;0.2
23699;30.00;41.8;0;-0.01;-0.35;9.71;0.78;0.43;-0.45;25.47;974.1;0.1
23719;30.00;41.8;2281;0.03;-0.39;9.69;-4.77;0.01;-0.14;25.50;974.1;0.1
23740;30.00;41.8;0;0.00;-0.36;9.76;-0.76;0.61;1.07;25.52;974.1;0.1
23760;30.10;41.7;2288;0.04;-0.37;9.61;-0.06;0.38;0.80;25.54;974.1;0.1
23781;30.10;41.7;0;0.06;-0.36;9.72;-2.95;0.58;-0.24;25.56;974.1;0.1
23801;30.10;41.7;2319;0.06;-0.38;9.70;1.54;0.34;0.71;25.59;974.2;0.1
23822;30.20;41.6;0;0.03;-0.34;9.63;-1.94;0.22;0.20;25.61;974.1;0.1
23842;30.20;41.6;2325;0.07;-0.36;9.72;0.23;0.58;0.55;25.64;974.1;0.1
23863;30.30;41.6;0;0.04;-0.41;9.71;2.29;0.08;1.06;25.66;974.1;0.1
23883;30.30;41.6;2313;-0.02;-0.38;9.69;-3.86;0.29;-0.43;25.69;974.2;0.1
23903;30.30;41.6;0;-0.01;-0.37;9.69;0.56;0.48;0.75;25.70;974.1;0.1
23924;30.30;41.6;2294;-0.07;-0.38;9.73;-10.93;1.55;-1.22;25.73;974.1;0.0
23944;30.40;41.5;0;0.03;-0.34;9.64;1.38;-0.19;1.98;25.75;974.1;0.0
23964;30.40;41.4;2294;0.04;-0.42;9.70;4.02;-0.17;2.11;25.77;974.1;0.0
23985;30.40;41.5;0;-0.04;-0.49;9.63;-0.13;0.69;0.57;25.81;974.1;0.0
24005;30.40;41.5;2306;0.01;-0.35;9.70;0.26;-0.24;2.39;25.83;974.1;0.0
24026;30.40;41.5;0;-0.02;-0.42;9.70;2.19;0.00;1.05;25.86;974.1;0.1
24046;30.50;41.5;2313;0.04;-0.39;9.67;-2.07;0.26;0.08;25.88;974.1;0.1
24067;30.50;41.5;0;0.01;-0.38;9.71;-8.75;0.05;-1.43;25.90;974.1;0.0
24087;30.50;41.5;2350;0.02;-0.40;9.70;33.29;-0.75;8.38;25.92;974.1;0.0
24108;30.50;41.4;0;-0.01;-0.38;9.71;-5.74;-0.56;-0.82;25.96;974.2;0.1
24128;30.50;41.4;2331;0.01;-0.38;9.64;0.03;0.25;0.86;25.97;974.1;0.0
24149;30.60;41.4;0;0.01;-0.40;9.66;1.84;0.25;0.92;26.01;974.2;0.1
24169;30.60;41.4;2369;0.02;-0.43;9.66;-1.32;0.10;0.29;26.03;974.1;0.1
24190;30.60;41.4;0;0.06;-0.40;9.73;-8.23;-0.12;-0.43;26.05;974.2;0.1
24210;30.60;41.4;2356;0.00;-0.32;9.69;-13.54;0.05;-1.65;26.08;974.2;0.1
24231;30.70;41.4;0;-0.00;-0.35;9.69;-6.19;-0.14;-0.53;26.10;974.1;0.1
24251;30.70;41.4;2369;0.04;-0.42;9.68;-2.17;0.85;0.09;26.13;974.2;0.1
24272;30.70;41.4;0;0.03;-0.43;9.65;-5.93;0.30;-0.75;26.16;974.1;0.1
24292;30.70;41.3;2344;0.00;-0.37;9.65;-1.41;0.24;0.23;26.19;974.1;0.1
24312;30.80;41.4;0;-0.03;-0.38;9.63;-0.68;0.05;0.61;26.21;974.1;0.1
24332;30.80;41.4;2350;0.02;-0.41;9.58;-9.22;0.96;-1.33;26.23;974.1;0.1
24353;30.80;41.3;0;-0.01;-0.37;9.67;-9.82;0.99;-2.93;26.26;974.1;0.1
24373;30.80;41.3;2325;-0.01;-0.41;9.62;-5.29;1.93;-1.40;26.28;974.1;0.1
24394;30.90;41.3;0;0.03;-0.35;9.59;-36.09;-0.21;-8.46;26.31;974.1;0.1
24414;30.90;41.3;2306;0.04;-0.33;9.62;-0.36;0.27;1.31;26.33;974.1;0.0
24435;30.90;41.3;0;0.06;-0.37;9.58;-0.78;1.45;1.62;26.36;974.0;0.0
24455;30.90;41.3;2294;-0.04;-0.41;9.70;6.71;-0.53;2.80;26.37;974.1;0.0
24476;31.00;41.2;0;0.07;-0.38;9.76;3.82;1.25;-0.19;26.40;974.1;0.0
24496;31.00;41.2;2306;0.00;-0.43;9.65;50.26;0.13;9.13;26.43;974.1;0.0
24517;31.00;41.2;0;-0.03;-0.44;9.65;10.78;0.28;3.53;26.47;974.1;0.0
24537;31.10;41.1;2319;-0.01;-0.40;9.63;-2.99;-0.01;-0.24;26.49;974.1;0.0
24558;31.10;41.2;0;-0.01;-0.38;9.60;-6.27;0.44;-1.10;26.52;974.2;0.0
24578;31.10;41.1;2325;0.08;-0.43;9.58;2.74;0.45;-0.13;26.53;974.1;0.0
24599;31.10;41.1;0;0.04;-0.37;9.69;12.97;-1.59;-6.98;26.55;974.1;0.0
24619;31.10;41.0;2294;0.01;-0.38;9.73;-12.12;0.87;-1.70;26.57;974.1;0.0
24640;31.10;41.0;0;-0.05;-0.43;9.69;-32.44;-0.56;-6.43;26.59;974.1;0.0
24660;31.10;41.0;2306;-0.03;-0.45;9.65;17.49;0.12;4.73;26.60;974.0;0.0
24680;31.20;41.0;0;0.05;-0.46;9.63;-27.41;0.65;-5.05;26.62;974.1;0.0
24700;31.20;41.1;2306;-0.01;-0.44;9.58;-20.61;0.35;-3.55;26.62;974.1;0.0
24721;31.20;41.1;0;0.12;-0.44;9.75;-18.68;1.84;-1.10;26.64;974.1;0.0
24741;31.20;41.1;2288;0.08;-0.37;9.65;-3.06;-3.51;-2.20;26.66;974.1;0.0
24762;31.20;41.0;0;0.13;-0.41;9.63;-27.03;-3.05;3.98;26.67;974.0;0.0
24782;31.20;41.0;2250;0.39;0.09;9.27;-44.90;5.15;-10.72;26.69;974.1;0.0
24803;31.20;41.0;0;0.06;-0.43;9.59;33.55;2.70;5.92;26.71;974.1;0.0
24823;31.20;40.9;2269;0.03;-0.40;9.63;-18.03;-2.60;-0.97;26.72;974.1;0.1
24844;31.20;40.9;0;0.03;-0.39;9.61;-10.34;1.35;-2.42;26.73;974.0;0.1
24864;31.20;41.0;2300;-0.07;-0.47;9.69;-1.34;0.21;-0.08;26.74;974.1;0.1
24885;31.20;41.0;0;-0.02;-0.44;9.70;-3.11;0.74;-1.75;26.76;974.1;0.1
24905;31.20;41.1;2350;0.05;-0.35;9.61;17.52;-1.48;4.04;26.76;974.0;0.1
24926;31.10;41.1;0;0.02;-0.34;9.61;-1.84;-1.27;-2.12;26.78;974.0;0.1
24946;31.10;41.1;2338;0.01;-0.34;9.59;1.55;0.62;1.07;26.79;974.1;0.1
24967;31.10;41.1;0;0.01;-0.38;9.71;-2.47;0.30;-0.31;26.81;974.2;0.1
24987;31.10;41.1;2338;0.08;-0.40;9.67;7.70;-6.05;-0.33;26.81;974.0;0.1
25008;31.10;41.2;0;0.04;-0.38;9.72;-16.67;-1.65;0.79;26.83;974.1;0.1
25028;31.10;41.1;2344;-0.05;-0.41;9.65;-10.90;1.15;-2.52;26.84;974.1;0.1
25048;31.10;41.1;0;-0.03;-0.38;9.62;-3.90;2.31;0.90;26.86;974.1;0.1
25069;31.10;41.2;2381;-0.01;-0.43;9.70;-3.85;1.05;-0.90;26.88;974.1;0.1
25089;31.10;41.1;0;0.01;-0.47;9.64;-11.48;0.06;-1.86;26.88;974.0;0.1
25109;31.20;41.1;2375;0.00;-0.39;9.69;12.40;-0.24;3.09;26.90;974.0;0.1
25130;31.20;41.2;0;0.00;-0.36;9.65;6.17;0.93;2.43;26.93;974.0;0.1
25150;31.20;41.1;2394;0.05;-0.35;9.73;10.16;0.20;2.94;26.94;974.0;0.1
25171;31.20;41.2;0;-0.01;-0.41;9.57;-9.27;0.00;-1.27;26.96;974.0;0.1
25191;31.20;41.2;2394;0.05;-0.32;9.72;3.85;0.22;1.46;26.96;974.0;0.1
25212;31.20;41.2;0;0.06;-0.43;9.66;9.36;-0.04;1.47;26.99;973.9;0.1
25232;31.20;41.2;2375;0.02;-0.44;9.62;-5.10;0.09;-0.55;27.00;974.0;0.1
25253;31.20;41.2;0;0.03;-0.35;9.75;-30.05;1.13;-6.42;27.02;973.9;0.1
25273;31.20;41.2;2363;0.02;-0.39;9.62;5.12;-0.10;1.00;27.04;973.9;0.1
25294;31.20;41.3;0;0.04;-0.39;9.70;-13.45;0.12;-1.61;27.05;974.0;0.1
25314;31.20;41.3;2388;-0.01;-0.40;9.65;2.25;1.96;1.02;27.08;973.9;0.1
25335;31.20;41.3;0;0.00;-0.42;9.62;12.67;0.48;2.37;27.09;974.0;0.1
25355;31.30;41.3;2419;0.06;-0.40;9.66;31.58;0.62;7.90;27.13;973.9;0.1
25376;31.30;41.3;0;-0.00;-0.35;9.63;7.81;-0.30;2.80;27.14;973.9;0.1
25396;31.30;41.3;2394;-0.02;-0.50;9.60;-7.18;0.59;-0.34;27.17;973.8;0.1
25416;31.30;41.2;0;0.01;-0.46;9.63;-9.27;0.40;-1.46;27.19;973.9;0.1
25437;31.30;41.2;2344;-0.06;-0.39;9.61;-10.30;-0.56;-0.94;27.20;973.9;0.1
25457;31.30;41.2;0;-0.05;-0.42;9.68;-14.17;-1.32;-0.08;27.22;973.8;0.1
25477;31.30;41.2;2350;0.02;-0.38;9.72;7.51;-0.53;-6.24;27.24;973.9;0.1
25498;31.40;41.2;0;0.04;-0.44;9.60;-16.90;-1.53;-3.30;27.26;973.9;0.1
25518;31.40;41.2;2375;0.10;-0.43;9.72;2.33;1.70;5.58;27.28;973.9;0.1
25539;31.40;41.2;0;-0.04;-0.37;9.60;-10.64;1.73;-1.85;27.31;973.9;0.1
25559;31.40;41.2;2375;0.01;-0.46;9.64;-23.76;0.60;-4.01;27.33;973.9;0.1
25580;31.40;41.2;0;0.04;-0.38;9.67;-19.52;-0.14;-6.36;27.35;973.9;0.1
25600;31.40;41.2;2394;0.04;-0.38;9.72;-19.10;0.60;-4.24;27.37;973.9;0.1
25621;31.40;41.2;0;0.05;-0.35;9.64;-1.98;0.04;1.58;27.38;973.9;0.1
25641;31.50;41.2;2419;0.04;-0.38;9.55;8.82;-0.23;2.04;27.43;973.9;0.1
25662;31.50;41.2;0;-0.02;-0.42;9.61;8.25;-0.76;3.27;27.44;973.9;0.1
25682;31.50;41.2;2475;0.02;-0.34;9.65;-3.11;-0.01;1.53;27.47;974.0;0.1
25703;31.50;41.1;0;0.03;-0.39;9.70;7.37;0.88;0.96;27.49;974.0;0.1
25723;31.60;41.1;2550;0.04;-0.38;9.59;7.38;-2.07;2.00;27.52;973.9;0.1
25744;31.60;41.1;0;-0.04;-0.33;9.60;3.95;-0.83;1.31;27.54;973.9;0.1
25764;31.60;41.0;2525;0.12;-0.39;9.55;-12.29;0.04;-3.04;27.56;973.9;0.1
25785;31.70;40.9;0;-0.03;-0.41;9.64;-1.87;-1.01;0.44;27.59;973.9;0.1
25805;31.70;40.8;2550;-0.01;-0.38;9.62;7.75;-0.07;1.86;27.61;974.0;0.1
25825;31.80;40.9;0;-0.01;-0.34;9.58;-17.76;1.29;-0.79;27.64;973.9;0.1
25845;31.80;40.8;2531;0.03;-0.34;9.67;3.17;-0.53;1.60;27.67;973.9;0.1
25866;31.80;40.8;0;-0.02;-0.45;9.57;-1.28;0.54;-1.59;27.69;974.0;0.1
25886;31.80;40.8;2444;0.01;-0.33;9.70;32.58;2.04;10.31;27.73;973.9;0.1
25907;31.90;40.8;0;-0.04;-0.37;9.56;3.90;-8.08;3.69;27.76;974.0;0.1
25927;31.90;40.8;2438;0.06;-0.38;9.65;3.01;2.62;3.96;27.79;973.9;0.1
25948;31.90;40.7;0;0.01;-0.42;9.65;11.13;-0.33;4.09;27.82;973.9;0.1
25968;31.90;40.7;2488;0.09;-0.35;9.63;-0.92;-0.33;0.01;27.85;973.8;0.1
25989;31.90;40.7;0;-0.01;-0.37;9.66;-11.79;-0.15;-1.46;27.87;973.9;0.1
26009;31.90;40.7;2525;0.01;-0.46;9.64;-9.13;0.31;-0.86;27.91;973.9;0.1
26030;32.00;40.7;0;0.04;-0.40;9.65;1.83;1.05;1.48;27.94;973.9;0.1
26050;32.00;40.6;2631;0.03;-0.29;9.63;-6.88;0.39;-1.25;27.96;973.9;0.1
26071;32.00;40.6;0;-0.00;-0.44;9.65;-9.55;0.47;-1.10;28.00;973.9;0.0
26091;32.10;40.5;2575;0.09;-0.39;9.66;19.41;-0.77;6.06;28.03;973.9;0.0
26112;32.30;40.4;0;-0.02;-0.44;9.67;-1.49;1.56;2.01;28.07;973.9;0.1
26132;32.30;40.3;2588;-0.02;-0.42;9.65;-16.08;1.09;-1.79;28.10;973.8;0.1
26153;32.40;40.1;0;0.03;-0.45;9.62;1.42;0.28;1.40;28.14;973.9;0.1
26173;32.50;40.1;2563;-0.01;-0.40;9.79;10.84;0.43;2.92;28.16;973.9;0.1
26193;32.60;40.0;0;0.04;-0.45;9.61;20.11;0.21;5.18;28.20;973.8;0.1
26213;32.60;40.0;2613;-0.01;-0.42;9.56;23.68;0.31;6.14;28.25;973.8;0.1
26234;32.60;39.9;0;0.01;-0.40;9.61;16.36;0.62;4.28;28.28;973.8;0.1
26254;32.70;39.9;2656;0.03;-0.42;9.58;-0.25;0.05;0.95;28.32;973.8;0.1
26275;32.70;39.8;0;0.04;-0.40;9.57;-22.21;0.90;-4.17;28.35;973.8;0.1
26295;32.80;39.7;2663;0.06;-0.38;9.63;-23.42;0.59;-4.40;28.41;973.9;0.1
26316;32.70;39.9;0;0.01;-0.37;9.59;-13.85;0.86;-2.37;28.45;973.9;0.1
26336;32.70;39.9;2619;-0.00;-0.39;9.60;-7.98;0.72;-1.18;28.49;973.8;0.2
26357;32.70;39.9;0;-0.04;-0.33;9.67;0.87;0.44;1.09;28.53;973.9;0.2
26377;32.80;39.9;2594;0.03;-0.41;9.71;0.85;0.94;1.34;28.57;973.8;0.2
26398;32.80;40.0;0;0.06;-0.37;9.58;3.65;0.22;-2.95;28.62;973.8;0.2
26418;32.80;39.9;2531;0.03;-0.37;9.59;1.61;-2.13;-0.95;28.67;973.8;0.2
26439;32.80;40.0;0;0.06;-0.43;9.70;22.95;-1.65;9.21;28.71;973.8;0.2
26459;32.90;40.0;2481;-0.02;-0.40;9.54;1.24;0.52;1.18;28.75;973.8;0.2
26480;32.90;40.0;0;0.02;-0.32;9.59;4.09;1.29;0.25;28.80;973.8;0.1
26500;33.00;40.0;2475;0.03;-0.33;9.64;-15.04;0.57;-1.60;28.84;973.8;0.1
26521;33.00;39.9;0;0.10;-0.38;9.58;-19.76;0.37;-3.13;28.88;973.8;0.1
26541;33.10;39.9;2513;-0.01;-0.29;9.50;4.82;-2.02;2.08;28.92;973.8;0.1
26561;33.10;39.9;0;-0.03;-0.44;9.54;-16.72;0.03;-8.30;28.96;973.8;0.1
26582;33.10;39.8;2519;0.02;-0.42;9.55;14.18;-2.03;3.76;29.00;973.8;0.1
26602;33.20;39.8;0;0.00;-0.36;9.63;-8.03;0.83;2.19;29.04;973.8;0.1
26622;33.20;39.7;2519;0.04;-0.39;9.64;-25.00;0.51;-5.37;29.09;973.8;0.1
26643;33.30;39.7;0;-0.03;-0.35;9.63;-6.13;0.83;0.89;29.13;973.8;0.1
26663;33.30;39.6;2513;-0.00;-0.35;9.61;4.07;-3.53;1.23;29.16;973.8;0.1
26684;33.40;39.5;0;0.07;-0.41;9.62;-3.34;-1.26;1.70;29.20;973.8;0.0
26704;33.40;39.5;2544;-0.00;-0.35;9.63;-27.45;0.37;-5.53;29.23;973.8;0.0
26725;33.50;39.4;0;-0.03;-0.38;9.61;-21.59;0.88;-3.36;29.27;973.8;0.0
26745;33.50;39.3;2544;0.07;-0.37;9.65;2.52;0.62;1.35;29.31;973.8;0.0
26766;33.60;39.3;0;0.06;-0.44;9.56;-40.86;0.76;-7.59;29.35;973.7;0.0
26786;33.60;39.2;2625;0.03;-0.44;9.63;-18.32;-0.55;-2.08;29.38;973.8;0.0
26807;33.70;39.2;0;0.01;-0.44;9.58;5.45;-0.71;-0.59;29.41;973.8;0.0
26827;33.70;39.2;2656;0.01;-0.40;9.65;-4.40;-0.40;-2.11;29.46;973.8;0.0
26848;33.80;39.1;0;-0.05;-0.38;9.64;-3.00;2.28;0.76;29.48;973.8;0.0
26868;33.80;39.1;2644;-0.07;-0.38;9.66;17.01;5.97;3.16;29.52;973.7;0.0
26889;33.80;39.0;0;0.03;-0.38;9.63;-2.63;4.26;2.08;29.55;973.7;0.0
26909;33.80;38.9;2688;-0.07;-0.36;9.53;8.84;3.49;4.26;29.60;973.7;0.0
26929;33.90;39.0;0;0.09;-0.40;9.54;-13.38;1.45;-2.01;29.63;973.7;0.0
26950;33.90;38.8;2694;-0.01;-0.36;9.58;2.86;0.39;1.89;29.67;973.8;0.1
26970;33.90;38.9;0;0.01;-0.36;9.54;4.10;0.49;1.51;29.71;973.8;0.1
26990;34.00;38.8;2625;0.03;-0.38;9.57;-0.06;0.73;0.84;29.75;973.7;0.2
27011;34.00;38.8;0;-0.00;-0.41;9.56;1.34;0.81;1.06;29.79;973.8;0.2
27031;34.10;38.7;2613;-0.00;-0.35;9.53;8.26;0.73;3.04;29.82;973.8;0.2
27052;34.10;38.7;0;-0.01;-0.42;9.56;-2.58;0.78;0.80;29.88;973.8;0.2
27072;34.10;38.8;2594;-0.02;-0.41;9.60;-14.52;0.94;-2.16;29.91;973.8;0.2
27093;34.10;38.7;0;-0.03;-0.35;9.60;13.58;0.67;3.69;29.96;973.8;0.2
27113;34.20;38.8;2656;-0.01;-0.44;9.56;-7.35;0.18;-0.81;30.00;973.8;0.1
27134;34.20;38.7;0;0.02;-0.34;9.57;-19.26;1.01;-2.97;30.04;973.8;0.1
27154;34.20;38.7;2700;0.02;-0.43;9.56;7.19;0.73;2.19;30.07;973.9;0.1
27175;34.30;38.7;0;-0.01;-0.39;9.67;4.20;0.02;0.26;30.12;973.9;0.1
27195;34.30;38.7;2794;-0.00;-0.38;9.64;6.35;0.28;1.83;30.16;973.9;0.0
27216;34.30;38.7;0;-0.03;-0.41;9.55;-14.05;0.32;-2.54;30.20;973.8;0.0
27236;34.40;38.6;2788;0.03;-0.39;9.59;-21.26;-0.20;-4.27;30.24;973.8;0.1
27257;34.40;38.6;0;0.06;-0.37;9.65;17.74;-0.24;4.22;30.27;973.8;0.0
27277;34.40;38.6;2775;0.05;-0.37;9.62;11.51;0.36;3.02;30.33;973.8;0.0
27298;34.50;38.6;0;0.01;-0.40;9.54;-12.48;0.44;-2.10;30.38;973.8;0.1
27318;34.50;38.5;2894;0.05;-0.34;9.54;2.75;0.44;1.34;30.41;973.8;0.0
27338;34.60;38.5;0;0.05;-0.35;9.55;2.00;0.06;0.86;30.46;973.8;0.0
27358;34.60;38.4;2963;0.05;-0.36;9.55;1.47;0.00;1.24;30.50;973.8;0.0
27379;34.70;38.4;0;0.04;-0.41;9.58;-1.29;0.73;1.42;30.55;973.8;0.0
27399;34.70;38.3;2956;0.01;-0.38;9.51;6.91;0.08;2.18;30.59;973.8;0.0
27420;34.70;38.3;0;0.02;-0.39;9.51;2.95;0.51;1.63;30.62;973.8;0.1
27440;34.80;38.1;2900;0.04;-0.40;9.50;-3.01;0.25;0.15;30.68;973.7;0.1
27461;34.80;38.2;0;0.03;-0.37;9.61;-1.12;0.10;0.38;30.72;973.8;0.1
27481;34.90;38.2;2769;-0.02;-0.38;9.53;-9.52;1.10;-2.40;30.76;973.8;0.2
27502;34.90;38.1;0;-0.04;-0.45;9.59;15.95;0.44;1.68;30.81;973.8;0.2
27522;34.90;38.1;2813;0.03;-0.37;9.50;-9.35;1.57;-3.02;30.85;973.8;0.2
27543;35.00;38.1;0;0.07;-0.37;9.51;-9.19;0.60;-1.92;30.89;973.8;0.1
27563;35.00;38.0;2794;0.04;-0.44;9.53;9.35;0.99;4.02;30.93;973.8;0.1
27584;35.10;38.0;0;0.04;-0.32;9.59;7.43;0.79;2.60;30.98;973.8;0.1
27604;35.10;38.1;2731;-0.00;-0.37;9.55;-4.89;0.36;0.31;31.03;973.8;0.1
27625;35.20;37.9;0;0.06;-0.39;9.56;3.10;0.55;1.80;31.06;973.8;0.1
27645;35.20;37.9;2700;0.04;-0.34;9.59;0.98;-0.02;1.68;31.11;973.8;0.1
27666;35.20;37.9;0;-0.06;-0.36;9.61;-7.53;-1.52;0.21;31.14;973.8;0.1
27686;35.30;37.9;2656;-0.03;-0.36;9.55;8.36;1.49;11.70;31.18;973.8;0.1
27706;35.30;37.9;0;0.16;-0.51;9.63;-75.99;2.53;-13.91;31.23;973.8;0.1
27726;35.40;37.7;2688;-0.10;-0.46;9.52;-84.63;2.95;-13.93;31.28;973.8;0.0
27747;35.40;37.8;0;0.01;-0.38;9.49;-0.73;0.60;1.16;31.32;973.7;0.0
27767;35.40;37.7;2675;-0.04;-0.41;9.51;-20.06;-0.47;-5.85;31.34;973.7;0.0
27788;35.50;37.7;0;-0.09;-0.63;9.53;-93.85;4.43;-16.66;31.38;973.7;0.0
27808;35.50;37.6;2625;-0.01;-0.31;9.65;8.01;1.89;2.12;31.41;973.8;0.0
27829;35.50;37.6;0;-0.07;-0.39;9.60;-14.01;-1.93;-4.11;31.46;973.9;0.0
27849;35.50;37.4;2681;0.07;-0.45;9.48;9.45;0.44;3.99;31.47;973.9;0.0
27870;35.50;37.4;0;0.04;-0.30;9.59;-7.92;2.27;-2.05;31.50;973.8;0.0
27890;35.60;37.4;2688;0.03;-0.40;9.48;-0.81;1.61;-1.46;31.53;973.8;0.1
27911;35.60;37.3;0;0.04;-0.34;9.54;-5.83;1.07;-0.94;31.55;973.8;0.0
27931;35.60;37.3;2644;-0.04;-0.37;9.60;-19.55;1.34;-2.30;31.58;973.8;0.0
27952;35.60;37.2;0;-0.04;-0.41;9.58;-14.52;0.05;-2.20;31.59;973.8;0.0
27972;35.60;37.2;2663;0.01;-0.37;9.50;-2.77;-1.79;-0.95;31.63;973.9;0.1
27993;35.70;37.3;0;-0.00;-0.41;9.58;-0.42;2.49;2.57;31.64;973.8;0.0
28013;35.70;37.0;2700;0.03;-0.37;9.53;-0.55;6.38;7.21;31.67;973.9;0.0
28034;35.70;37.0;0;-0.05;-0.39;9.55;20.09;1.31;5.53;31.70;973.8;0.0
28054;35.70;37.1;2681;0.02;-0.38;9.57;10.97;2.09;3.98;31.72;973.8;0.1
28074;35.70;36.9;0;0.04;-0.40;9.52;7.56;1.39;3.75;31.74;973.8;0.1
28094;35.80;36.9;2656;0.05;-0.36;9.55;-5.33;0.14;-0.87;31.75;973.8;0.1
28115;35.80;37.0;0;-0.06;-0.41;9.54;32.28;8.11;-3.02;31.78;973.8;0.1
28135;35.80;36.9;2644;-0.02;-0.43;9.57;16.22;-0.24;4.46;31.79;973.7;0.1
28156;35.80;37.0;0;-0.01;-0.38;9.52;3.26;-0.13;0.14;31.83;973.7;0.1
28176;35.80;37.0;2613;-0.09;-0.40;9.47;-1.01;0.41;0.27;31.83;973.8;0.1
28197;35.80;37.0;0;0.05;-0.28;9.46;17.44;1.97;-5.10;31.85;973.7;0.1
28217;35.80;37.0;2581;-0.01;-0.37;9.52;-11.83;4.35;-5.65;31.87;973.8;0.1
28238;35.80;37.1;0;0.06;-0.42;9.51;-10.56;1.16;-5.08;31.89;973.8;0.1
28258;35.80;37.0;2613;0.11;-0.47;9.50;-6.73;-2.83;0.40;31.89;973.8;0.1
28279;35.80;37.0;0;-0.01;-0.44;9.59;-11.05;2.76;3.63;31.91;973.8;0.1
28299;35.80;36.9;2600;0.05;-0.39;9.53;-37.55;-0.30;-8.04;31.94;973.8;0.1
28320;35.80;36.9;0;0.01;-0.40;9.53;-5.83;1.67;1.73;31.94;973.7;0.1
28340;35.80;37.0;2606;-0.01;-0.39;9.60;-18.64;0.85;-2.67;31.96;973.8;0.1
28361;35.80;36.9;0;0.04;-0.40;9.39;11.03;0.38;1.97;31.98;973.8;0.1
28381;35.90;37.0;2606;-0.03;-0.43;9.52;2.12;-0.60;-0.32;31.98;973.8;0.1
28402;35.90;36.9;0;0.08;-0.39;9.54;-0.27;-0.14;2.41;32.00;973.8;0.1
28422;35.90;36.9;2675;0.03;-0.35;9.48;1.97;0.31;1.17;32.01;973.8;0.1
28442;35.90;36.8;0;0.08;-0.40;9.56;-7.39;-0.20;-0.92;32.02;973.8;0.1
28463;35.90;36.7;2656;0.06;-0.39;9.59;2.98;0.70;1.47;32.03;973.7;0.1
28483;35.90;36.7;0;-0.02;-0.38;9.51;12.49;0.39;3.65;32.04;973.7;0.1
28503;35.90;36.8;2663;0.01;-0.40;9.54;14.57;0.17;4.31;32.05;973.8;0.1
28524;36.00;36.7;0;-0.02;-0.46;9.57;12.83;0.80;3.67;32.06;973.7;0.1
28544;36.00;36.7;2700;0.03;-0.38;9.59;2.50;0.44;0.97;32.08;973.7;0.1
28565;36.00;36.8;0;-0.00;-0.41;9.58;-11.56;1.03;-1.70;32.09;973.7;0.1
28585;36.00;36.8;2706;0.00;-0.46;9.58;6.16;0.49;2.63;32.10;973.7;0.1
28606;36.00;36.8;0;0.06;-0.37;9.52;-5.82;0.52;-0.37;32.10;973.7;0.1
28626;35.90;36.9;2719;-0.05;-0.42;9.52;5.67;0.00;2.03;32.12;973.8;0.1
28647;36.00;36.9;0;-0.10;-0.40;9.57;-8.08;0.54;-0.94;32.11;973.8;0.1
28667;35.90;36.9;2713;0.01;-0.40;9.43;-18.79;0.35;-2.65;32.13;973.7;0.1
28688;35.90;36.9;0;-0.07;-0.39;9.57;-10.31;0.55;-1.69;32.13;973.7;0.1
28708;35.90;36.9;2669;0.02;-0.40;9.57;-28.52;0.97;-6.75;32.15;973.8;0.1
28729;36.00;36.9;0;-0.03;-0.37;9.55;-7.74;1.51;-0.61;32.16;973.8;0.1
28749;36.00;36.9;2638;0.03;-0.44;9.60;-17.93;1.33;-4.72;32.17;973.7;0.1
28770;36.00;36.9;0;0.01;-0.36;9.46;5.09;-0.69;0.85;32.18;973.8;0.1
28790;36.00;36.9;2600;-0.03;-0.40;9.54;2.10;1.41;5.12;32.18;973.7;0.1
28810;36.00;36.9;0;-0.04;-0.44;9.52;1.36;0.34;0.72;32.20;973.8;0.1
28831;35.90;36.9;2606;0.02;-0.46;9.68;-0.10;0.26;-0.72;32.20;973.8;0.1
28851;35.90;36.8;0;0.02;-0.41;9.59;6.59;1.17;2.46;32.20;973.8;0.1
28871;36.00;36.7;2631;0.12;-0.31;9.50;11.80;-0.14;-3.46;32.20;973.8;0.0
28892;36.00;36.8;0;0.01;-0.48;9.50;59.71;0.29;19.95;32.21;973.8;0.1
28912;35.90;36.8;2588;0.03;-0.40;9.57;8.38;-2.07;-0.09;32.21;973.8;0.0
28933;35.90;36.7;0;0.02;-0.38;9.47;-10.81;0.93;-3.53;32.20;973.7;0.1
28953;35.90;36.7;2588;0.00;-0.37;9.56;-22.70;1.03;-4.38;32.21;973.8;0.1
28974;35.90;36.7;0;0.03;-0.45;9.57;-22.60;-5.84;-5.03;32.21;973.7;0.1
28994;35.90;36.7;2575;0.01;-0.40;9.55;-12.83;-0.13;-5.03;32.20;973.7;0.1
29015;35.90;36.8;0;0.01;-0.36;9.53;-14.90;0.99;2.05;32.20;973.8;0.1
29035;35.90;36.7;2550;0.01;-0.42;9.55;0.38;1.19;-0.80;32.20;973.7;0.1
29056;35.90;36.8;0;0.03;-0.40;9.53;3.44;-0.69;0.22;32.20;973.7;0.1
29076;35.90;36.8;2569;-0.01;-0.45;9.58;5.29;1.62;1.80;32.19;973.7;0.1
29097;35.80;36.8;0;-0.16;-0.41;9.43;55.81;0.79;8.69;32.18;973.7;0.1
29117;35.80;36.8;2513;0.02;-0.41;9.56;-35.01;-4.33;-10.59;32.18;973.7;0.1
29138;35.80;36.8;0;0.03;-0.37;9.58;-32.96;-1.27;-8.27;32.18;973.7;0.1
29158;35.80;36.8;2525;-0.05;-0.45;9.49;44.42;-3.08;5.98;32.17;973.8;0.1
29179;35.80;36.9;0;0.01;-0.29;9.49;-3.19;-0.64;-0.30;32.17;973.8;0.1
29199;35.70;36.9;2519;0.00;-0.43;9.56;-12.82;0.17;-1.66;32.16;973.8;0.1
29219;35.70;36.9;0;0.11;-0.35;9.57;-10.00;2.18;-0.99;32.15;973.7;0.1
29239;35.70;36.9;2531;0.04;-0.37;9.52;2.52;-1.95;-2.07;32.14;973.8;0.1
29260;35.70;37.0;0;-0.03;-0.44;9.48;12.72;-1.17;-1.38;32.13;973.7;0.1
29280;35.70;37.0;2513;0.04;-0.39;9.53;-3.73;-0.63;-0.62;32.12;973.7;0.1
29301;35.60;37.0;0;0.04;-0.45;9.59;1.07;1.09;1.12;32.12;973.6;0.1
29321;35.60;37.0;2513;-0.06;-0.40;9.61;-0.81;0.27;1.06;32.11;973.7;0.1
29342;35.60;37.1;0;-0.07;-0.35;9.52;-5.39;0.77;-0.55;32.10;973.6;0.1
29362;35.60;37.1;2519;-0.03;-0.38;9.58;6.99;-0.02;2.65;32.09;973.7;0.1
29383;35.60;37.1;0;-0.01;-0.44;9.55;2.65;-0.01;0.90;32.08;973.8;0.1
29403;35.50;37.2;2550;-0.03;-0.45;9.53;3.58;0.49;1.76;32.08;973.7;0.1
29424;35.50;37.1;0;0.01;-0.45;9.50;-16.90;1.71;-1.47;32.08;973.7;0.1
29444;35.50;37.1;2544;-0.02;-0.50;9.53;4.46;0.68;0.39;32.06;973.8;0.1
29465;35.50;37.1;0;0.07;-0.41;9.52;-0.83;-3.59;1.31;32.05;973.8;0.1
29485;35.50;37.1;2488;0.04;-0.43;9.54;13.03;-1.67;0.53;32.04;973.8;0.1
29506;35.50;37.2;0;-0.05;-0.46;9.50;-28.51;1.79;-6.46;32.03;973.7;0.1
29526;35.40;37.2;2506;0.04;-0.39;9.51;-2.29;-1.27;1.16;32.02;973.7;0.1
29547;35.40;37.2;0;0.03;-0.37;9.58;-8.09;-1.13;0.02;32.01;973.8;0.1
29567;35.40;37.3;2513;0.01;-0.46;9.50;3.12;-0.11;1.80;32.00;973.7;0.1
29587;35.40;37.3;0;0.01;-0.44;9.57;-5.17;0.79;0.23;32.01;973.8;0.1
29608;35.40;37.3;2513;0.02;-0.41;9.53;12.07;0.13;2.98;32.00;973.8;0.1
29628;35.40;37.3;0;0.12;-0.42;9.56;6.72;-0.65;1.93;31.98;973.8;0.1
29648;35.40;37.3;2538;0.01;-0.44;9.65;3.48;1.75;3.39;31.98;973.7;0.1
29669;35.30;37.4;0;0.02;-0.40;9.52;-2.12;0.41;0.22;31.98;973.7;0.1
29689;35.30;37.4;2581;0.03;-0.46;9.54;-15.46;0.15;-3.36;31.97;973.7;0.1
29710;35.30;37.3;0;0.01;-0.38;9.46;-3.03;0.31;0.45;31.97;973.8;0.1
29730;35.30;37.4;2544;0.02;-0.36;9.44;2.04;0.15;1.50;31.94;973.8;0.1
29751;35.30;37.4;0;0.01;-0.39;9.56;-4.76;1.23;0.81;31.95;973.7;0.1
29771;35.30;37.4;2531;-0.03;-0.37;9.49;8.90;-0.13;2.02;31.94;973.7;0.1
29792;35.30;37.4;0;0.04;-0.40;9.45;1.48;2.60;1.26;31.92;973.7;0.1
29812;35.20;37.5;2475;-0.02;-0.39;9.53;36.91;2.55;5.60;31.92;973.8;0.1
29833;35.20;37.4;0;-0.00;-0.39;9.52;-3.16;-0.79;0.21;31.91;973.8;0.1
29853;35.20;37.4;2506;0.02;-0.43;9.54;-13.74;1.12;-1.03;31.91;973.7;0.1
29874;35.20;37.4;0;0.01;-0.35;9.56;-4.39;0.43;0.01;31.90;973.7;0.1
29894;35.20;37.5;2556;-0.03;-0.40;9.54;18.14;-0.13;4.67;31.90;973.7;0.1
29915;35.20;37.5;0;-0.01;-0.40;9.59;19.81;0.68;5.00;31.90;973.7;0.1
29935;35.20;37.5;2563;-0.04;-0.37;9.53;14.95;-0.22;4.45;31.89;973.7;0.1
29955;35.20;37.5;0;-0.03;-0.39;9.59;5.98;0.37;2.69;31.88;973.7;0.1
29976;35.20;37.6;2606;0.01;-0.37;9.46;-3.60;0.35;-0.56;31.88;973.7;0.1
29996;35.20;37.5;0;-0.03;-0.44;9.59;-12.91;0.30;-2.37;31.88;973.7;0.1
30016;35.20;37.5;2606;-0.02;-0.41;9.61;-11.42;0.76;-1.51;31.87;973.7;0.1
30037;35.20;37.6;0;-0.03;-0.36;9.54;-16.70;0.84;-2.93;31.88;973.7;0.1
30057;35.10;37.6;2613;-0.02;-0.36;9.52;1.84;0.86;0.74;31.87;973.7;0.1
30078;35.20;37.7;0;0.01;-0.44;9.62;13.21;1.14;4.71;31.88;973.6;0.1
30098;35.20;37.7;2600;-0.03;-0.45;9.47;-4.06;1.86;-0.95;31.88;973.7;0.1
30119;35.20;37.7;0;-0.00;-0.35;9.56;1.94;0.28;2.11;31.87;973.7;0.1
30139;35.10;37.7;2575;0.07;-0.46;9.44;-0.70;0.93;2.15;31.87;973.7;0.1
30160;35.20;37.7;0;-0.01;-0.38;9.61;12.23;0.19;3.98;31.88;973.7;0.1
30180;35.20;37.7;2544;-0.13;-0.36;9.48;-7.13;0.47;-2.72;31.89;973.7;0.1
30201;35.20;37.7;0;-0.01;-0.41;9.60;19.71;1.05;5.15;31.88;973.6;0.1
30221;35.20;37.7;2581;-0.06;-0.38;9.64;3.58;-0.17;2.09;31.88;973.7;0.1
30242;35.20;37.7;0;0.00;-0.48;9.55;-26.79;1.02;-5.39;31.90;973.7;0.1
30262;35.20;37.7;2569;-0.01;-0.33;9.58;-4.79;-0.77;-0.78;31.89;973.7;0.1
30283;35.20;37.7;0;0.04;-0.35;9.65;53.92;-5.51;13.56;31.90;973.7;0.1
30303;35.20;37.7;2569;0.08;-0.46;9.50;21.84;2.55;6.38;31.91;973.7;0.1
30324;35.20;37.6;0;0.04;-0.38;9.51;-13.96;-1.71;-4.66;31.92;973.6;0.1
30344;35.20;37.7;2569;0.17;-0.40;9.59;6.83;1.90;5.38;31.92;973.6;0.1
30364;35.20;37.7;0;0.02;-0.34;9.51;15.42;-0.75;3.60;31.94;973.6;0.1
30384;35.20;37.7;2575;0.01;-0.42;9.58;-13.13;0.55;-3.65;31.92;973.6;0.1
30405;35.20;37.7;0;0.02;-0.41;9.61;-20.26;0.63;-3.01;31.94;973.7;0.1
30425;35.30;37.7;2613;-0.03;-0.43;9.49;-32.88;0.93;-6.88;31.95;973.6;0.1
30446;35.30;37.6;0;0.03;-0.42;9.56;-23.79;0.96;-4.85;31.95;973.6;0.1
30466;35.30;37.7;2625;-0.00;-0.43;9.65;10.57;0.16;2.79;31.95;973.6;0.1
30487;35.30;37.6;0;-0.03;-0.41;9.52;-11.21;1.24;-1.82;31.96;973.6;0.1
30507;35.30;37.6;2663;0.01;-0.37;9.65;3.48;0.36;1.25;31.97;973.6;0.0
30528;35.30;37.6;0;0.04;-0.43;9.57;-3.32;0.06;0.38;31.99;973.7;0.1
30548;35.30;37.7;2681;0.04;-0.39;9.53;-0.03;0.58;0.26;31.99;973.7;0.1
30569;35.30;37.6;0;0.02;-0.39;9.52;4.52;0.73;1.30;32.01;973.7;0.1
30589;35.30;37.6;2775;0.02;-0.40;9.59;-4.32;0.59;-0.24;32.01;973.7;0.1
30610;35.30;37.6;0;0.04;-0.38;9.56;-3.33;0.51;0.29;32.03;973.7;0.1
30630;35.30;37.6;2788;0.03;-0.41;9.62;-14.64;0.25;-3.10;32.04;973.7;0.1
30651;35.30;37.6;0;-0.01;-0.38;9.55;-1.03;0.33;0.96;32.05;973.7;0.1
30671;35.30;37.6;2806;-0.00;-0.46;9.56;7.16;0.44;2.56;32.06;973.7;0.1
30692;35.40;37.6;0;0.01;-0.35;9.53;-8.83;-0.20;2.71;32.09;973.8;0.1
30712;35.40;37.5;2706;0.00;-0.59;9.75;109.00;-1.07;26.78;32.09;973.7;0.2
30732;35.40;37.6;0;0.02;-0.44;9.52;12.71;2.35;3.01;32.10;973.6;0.1
30752;35.40;37.6;2688;0.01;-0.44;9.57;-36.31;-0.85;-7.68;32.13;973.7;0.1
30773;35.40;37.5;0;-0.04;-0.35;9.51;-23.16;0.47;-4.62;32.14;973.6;0.1
30793;35.40;37.6;2669;-0.02;-0.43;9.59;-19.45;0.73;-3.69;32.14;973.6;0.1
30814;35.50;37.6;0;-0.03;-0.40;9.56;-16.84;0.81;-2.51;32.16;973.7;0.1
30834;35.50;37.6;2681;-0.01;-0.38;9.57;-22.56;0.80;-4.37;32.18;973.6;0.1
30855;35.50;37.6;0;0.05;-0.36;9.65;-23.08;1.17;-4.08;32.18;973.6;0.1
30875;35.50;37.6;2656;0.07;-0.32;9.58;-6.91;-0.32;0.96;32.21;973.6;0.1
30896;35.60;37.4;0;-0.02;-0.44;9.51;20.54;-1.22;9.76;32.22;973.7;0.1
30916;35.60;37.5;2650;0.01;-0.41;9.62;27.63;3.76;-4.81;32.24;973.6;0.0
30937;35.60;37.4;0;0.01;-0.41;9.57;7.99;-2.96;1.00;32.25;973.7;0.1
30957;35.60;37.4;2631;0.00;-0.37;9.68;-42.84;0.93;-7.04;32.26;973.7;0.0
30978;35.60;37.3;0;-0.04;-0.35;9.52;5.62;1.69;2.02;32.27;973.6;0.1
30998;35.60;37.4;2613;0.00;-0.43;9.49;-15.79;1.40;-6.62;32.29;973.6;0.1
31019;35.60;37.3;0;0.04;-0.31;9.49;1.23;-0.24;-5.66;32.31;973.7;0.1
31039;35.70;37.4;2569;0.04;-0.36;9.54;-8.19;-4.96;-4.58;32.33;973.7;0.1
31060;35.70;37.3;0;-0.06;-0.46;9.55;16.79;-0.18;3.21;32.34;973.6;0.1
31080;35.70;37.3;2613;0.03;-0.40;9.61;24.07;1.33;5.41;32.35;973.6;0.1
31100;35.70;37.3;0;-0.03;-0.41;9.47;22.57;-0.59;4.77;32.36;973.6;0.1
31120;35.70;37.3;2656;-0.02;-0.40;9.55;13.26;0.98;3.32;32.39;973.7;0.1
31141;35.70;37.3;0;-0.01;-0.43;9.54;5.58;0.97;2.08;32.39;973.6;0.1
31161;35.70;37.3;2694;0.03;-0.35;9.51;-21.49;0.80;-3.67;32.42;973.7;0.1
31182;35.70;37.3;0;0.02;-0.39;9.52;-12.29;0.56;-1.88;32.42;973.6;0.1
31202;35.70;37.3;2669;0.01;-0.39;9.58;-23.14;-1.08;-4.43;32.43;973.6;0.1
31223;35.80;37.3;0;0.03;-0.43;9.64;1.36;-2.80;-1.42;32.44;973.6;0.1
31243;35.80;37.3;2725;-0.10;-0.44;9.57;1.10;-0.35;2.07;32.45;973.6;0.1
31264;35.80;37.2;0;0.04;-0.39;9.52;-13.99;-0.10;-5.94;32.46;973.6;0.0
31284;35.80;37.1;2663;0.04;-0.40;9.67;-2.63;-2.70;-0.01;32.48;973.5;0.0
31305;35.80;37.2;0;0.02;-0.36;9.61;-1.13;0.22;0.38;32.51;973.6;0.0
31325;35.80;37.1;2719;0.05;-0.43;9.56;-13.36;-3.50;-2.66;32.50;973.6;0.0
31346;35.80;37.0;0;0.04;-0.32;9.60;0.92;0.60;1.88;32.53;973.6;0.1
31366;35.80;37.0;2700;0.01;-0.40;9.53;-16.94;0.86;-4.26;32.54;973.6;0.1
31387;35.90;37.0;0;0.04;-0.39;9.55;-12.89;0.12;-1.31;32.55;973.7;0.1
31407;35.90;37.0;2619;-0.02;-0.47;9.52;9.70;1.35;3.21;32.56;973.6;0.1
31428;35.90;37.0;0;-0.00;-0.39;9.56;2.00;1.40;1.59;32.58;973.6;0.1
31448;35.90;37.0;2694;-0.01;-0.44;9.52;6.52;0.35;2.13;32.59;973.6;0.1
31468;35.90;37.0;0;0.07;-0.39;9.52;7.92;0.30;2.78;32.60;973.6;0.1
31489;35.90;36.9;2706;-0.00;-0.37;9.44;-17.06;1.89;-2.60;32.63;973.6;0.1
31509;35.90;36.9;0;0.01;-0.39;9.62;-6.89;0.55;-0.38;32.63;973.5;0.1
31529;35.90;36.9;2706;-0.02;-0.35;9.51;-13.67;-0.54;-1.87;32.64;973.6;0.1
31550;35.90;36.9;0;-0.04;-0.42;9.55;9.93;1.65;3.73;32.66;973.6;0.1
31570;36.00;36.9;2675;-0.01;-0.43;9.61;1.01;3.47;5.22;32.67;973.7;0.1
31591;36.00;37.0;0;0.00;-0.35;9.55;-4.81;0.19;-0.38;32.69;973.6;0.1
31611;36.00;36.9;2719;0.06;-0.47;9.51;-6.93;-2.42;-5.17;32.69;973.6;0.1
31632;36.00;36.9;0;0.01;-0.41;9.67;-1.90;2.01;-1.14;32.72;973.6;0.1
31652;36.00;36.9;2756;0.03;-0.43;9.55;-8.74;-1.01;-0.98;32.73;973.6;0.1
31673;36.00;36.8;0;-0.01;-0.43;9.46;-4.52;-0.46;-0.54;32.74;973.6;0.1
31693;36.00;36.7;2713;-0.01;-0.40;9.51;-10.97;3.38;-2.93;32.75;973.6;0.1
31714;36.10;36.7;0;-0.00;-0.46;9.53;4.44;-1.26;-3.64;32.77;973.6;0.1
31734;36.10;36.8;2656;0.04;-0.48;9.61;4.45;-2.15;1.18;32.79;973.6;0.1
31755;36.10;36.8;0;-0.01;-0.46;9.56;-1.84;0.78;0.26;32.80;973.6;0.1
31775;36.10;36.6;2725;-0.04;-0.40;9.53;-7.00;0.89;-1.37;32.81;973.7;0.1
31796;36.10;36.5;0;0.03;-0.40;9.53;2.90;0.22;1.38;32.83;973.7;0.1
31816;36.10;36.5;2706;0.00;-0.40;9.46;7.62;-0.31;2.42;32.84;973.6;0.1
31837;36.10;36.6;0;0.02;-0.40;9.46;-2.41;0.66;-0.13;32.85;973.5;0.1
31857;36.20;36.6;2769;-0.02;-0.48;9.60;-9.58;0.76;-1.87;32.87;973.5;0.1
31877;36.20;36.5;0;0.00;-0.45;9.66;28.30;0.02;4.12;32.88;973.6;0.1
31897;36.20;36.5;2688;0.00;-0.38;9.53;22.94;-0.69;4.41;32.90;973.6;0.1
31918;36.20;36.5;0;-0.01;-0.41;9.61;-2.64;0.22;-0.01;32.90;973.5;0.1
31938;36.20;36.5;2719;0.02;-0.36;9.50;-10.71;0.53;-2.01;32.92;973.6;0.1
31959;36.20;36.4;0;-0.04;-0.35;9.52;-9.56;-0.71;-1.19;32.94;973.6;0.1
31979;36.20;36.4;2694;0.04;-0.38;9.58;-19.26;1.28;-4.90;32.96;973.6;0.1
32000;36.30;36.4;0;0.07;-0.34;9.59;-4.80;-3.97;0.89;32.97;973.6;0.1
32020;36.30;36.4;2681;0.07;-0.39;9.55;-0.00;-2.46;0.09;32.98;973.6;0.1
32041;36.30;36.3;0;0.06;-0.41;9.52;7.90;-0.27;3.17;32.99;973.6;0.1
32061;36.30;36.3;2713;-0.02;-0.37;9.61;6.35;0.69;1.74;33.00;973.6;0.1
32082;36.30;36.3;0;-0.01;-0.41;9.60;6.03;0.49;1.83;33.01;973.5;0.1
32102;36.30;36.3;2725;-0.04;-0.41;9.63;-14.01;0.84;-1.90;33.03;973.6;0.1
32123;36.30;36.3;0;0.03;-0.41;9.56;9.94;0.70;3.94;33.03;973.6;0.1
32143;36.30;36.3;2644;0.02;-0.39;9.58;24.73;-1.72;6.71;33.05;973.5;0.1
32164;36.40;36.2;0;0.00;-0.39;9.49;-1.25;1.02;2.57;33.06;973.5;0.1
32184;36.40;36.2;2731;-0.01;-0.41;9.65;-2.68;0.93;1.16;33.07;973.5;0.1
32205;36.40;36.2;0;0.04;-0.46;9.56;-19.11;1.05;-3.11;33.08;973.6;0.0
32225;36.40;36.0;2675;0.04;-0.40;9.60;43.46;0.97;13.34;33.09;973.5;0.0
32245;36.40;36.1;0;0.02;-0.42;9.55;5.98;0.21;-5.31;33.10;973.5;0.0
32265;36.40;36.1;2719;-0.03;-0.39;9.58;-7.26;0.33;-0.19;33.11;973.5;0.0
32286;36.40;36.0;0;0.01;-0.44;9.53;-13.66;1.19;-1.49;33.11;973.5;0.0
32306;36.40;36.0;2631;-0.02;-0.36;9.55;3.04;-0.17;3.47;33.13;973.6;0.1
32327;36.40;36.0;0;0.03;-0.39;9.58;-27.89;3.12;-6.32;33.13;973.5;0.1
32347;36.40;36.0;2650;0.02;-0.45;9.62;-29.13;1.34;-5.15;33.14;973.6;0.1
32368;36.40;36.0;0;0.05;-0.42;9.54;-18.35;0.64;-3.63;33.15;973.6;0.1
32388;36.40;36.0;2631;0.01;-0.39;9.54;12.22;0.28;3.55;33.16;973.5;0.1
32409;36.40;36.0;0;-0.04;-0.35;9.57;21.05;-1.72;4.21;33.17;973.6;0.1
32429;36.50;36.0;2638;-0.00;-0.43;9.52;7.16;0.47;2.65;33.17;973.6;0.1
32450;36.50;36.0;0;-0.01;-0.40;9.49;-16.35;0.20;-3.49;33.17;973.5;0.1
32470;36.50;35.9;2631;-0.00;-0.45;9.50;-7.35;0.31;-1.75;33.19;973.5;0.1
32491;36.40;35.9;0;0.03;-0.44;9.57;2.35;-0.14;1.09;33.18;973.5;0.1
32511;36.40;35.9;2594;0.04;-0.37;9.58;1.57;1.13;1.57;33.20;973.5;0.1
32532;36.50;35.9;0;-0.04;-0.35;9.51;1.79;0.82;1.41;33.19;973.5;0.1
32552;36.40;35.9;2619;0.01;-0.41;9.56;-4.21;0.64;0.27;33.19;973.5;0.1
32573;36.40;35.9;0;0.04;-0.47;9.52;1.16;1.25;0.89;33.20;973.5;0.1
32593;36.40;35.9;2600;-0.03;-0.41;9.52;-10.26;0.50;-2.64;33.20;973.6;0.1
32613;36.40;35.9;0;0.04;-0.40;9.54;2.25;-1.62;1.41;33.19;973.5;0.1
32634;36.40;35.9;2650;0.05;-0.38;9.58;8.05;1.32;2.54;33.20;973.5;0.1
32654;36.40;35.9;0;-0.00;-0.43;9.59;-9.47;-1.50;-0.95;33.19;973.5;0.1
32674;36.40;35.9;2644;0.04;-0.39;9.46;5.94;0.41;2.29;33.19;973.4;0.1
32695;36.40;35.9;0;-0.00;-0.42;9.51;-4.45;1.37;0.34;33.20;973.5;0.1
32715;36.40;35.8;2613;0.00;-0.37;9.55;-1.49;0.52;0.10;33.19;973.5;0.1
32736;36.40;35.9;0;-0.01;-0.36;9.57;-3.12;0.54;0.15;33.19;973.4;0.1
32756;36.40;35.9;2625;0.03;-0.41;9.55;7.18;1.02;2.17;33.18;973.5;0.1
32777;36.30;35.9;0;-0.01;-0.37;9.61;-2.52;0.33;-0.03;33.17;973.6;0.1
32797;36.30;35.9;2588;0.03;-0.39;9.58;5.58;0.32;1.58;33.16;973.6;0.1
32818;36.30;35.9;0;0.00;-0.36;9.55;-3.24;0.54;0.02;33.17;973.6;0.1
32838;36.30;35.9;2588;0.03;-0.36;9.47;6.03;0.18;1.17;33.17;973.5;0.1
32859;36.30;35.9;0;-0.00;-0.47;9.50;-1.93;1.48;0.87;33.17;973.5;0.1
32879;36.30;35.9;2581;-0.02;-0.38;9.59;-14.31;-4.50;-4.70;33.16;973.5;0.1
32900;36.30;35.9;0;-0.02;-0.40;9.56;11.39;1.40;4.38;33.15;973.6;0.1
32920;36.30;36.0;2569;0.06;-0.39;9.51;19.90;1.24;5.02;33.15;973.5;0.1
32941;36.30;36.0;0;-0.01;-0.37;9.54;11.74;0.80;4.25;33.14;973.6;0.1
32961;36.30;36.0;2569;-0.02;-0.35;9.65;11.36;0.18;1.78;33.13;973.6;0.1
32981;36.30;36.0;0;-0.05;-0.39;9.48;-5.66;1.95;0.50;33.14;973.5;0.1
33002;36.30;36.0;2575;0.01;-0.41;9.54;-11.69;-0.16;-1.87;33.12;973.5;0.1
33022;36.20;36.0;0;-0.04;-0.36;9.57;5.71;-0.11;2.15;33.13;973.6;0.1
33042;36.20;36.0;2588;0.02;-0.38;9.49;4.52;0.47;1.27;33.12;973.5;0.1
33063;36.20;36.0;0;0.00;-0.32;9.53;0.62;0.13;0.76;33.11;973.5;0.1
33083;36.20;36.0;2600;-0.08;-0.35;9.54;-8.89;0.82;-1.01;33.11;973.5;0.1
33104;36.20;36.0;0;0.03;-0.39;9.54;2.17;0.94;1.18;33.11;973.5;0.1
33124;36.20;36.1;2588;0.04;-0.47;9.62;-13.81;0.74;-2.42;33.10;973.5;0.1
33145;36.20;36.0;0;0.05;-0.39;9.65;-0.13;0.59;1.12;33.10;973.5;0.1
33165;36.20;36.1;2606;-0.00;-0.47;9.56;-17.97;0.44;-2.91;33.09;973.5;0.1
33186;36.10;36.1;0;-0.01;-0.37;9.54;-11.26;2.12;-0.06;33.09;973.5;0.1
33206;36.10;36.1;2631;0.06;-0.39;9.44;6.66;0.09;1.97;33.07;973.5;0.1
33227;36.10;36.1;0;0.00;-0.43;9.58;0.41;0.10;0.40;33.08;973.5;0.1
33247;36.10;36.1;2625;0.02;-0.43;9.52;8.76;0.64;2.67;33.07;973.5;0.1
33268;36.10;36.2;0;0.01;-0.41;9.54;3.90;0.80;1.77;33.06;973.5;0.1
33288;36.10;36.2;2675;-0.01;-0.38;9.55;-3.87;0.57;-0.45;33.06;973.4;0.1
33309;36.10;36.2;0;-5.70;-10.02;4.56;-74.13;-113.49;-89.47;33.05;973.7;0.1
33329;36.10;36.2;2663;0.28;-0.61;9.43;0.01;12.25;-20.29;33.03;973.8;0.1
33349;36.00;36.3;0;0.19;-0.44;9.59;-0.63;2.01;2.72;33.02;973.8;0.1
33370;36.00;36.3;2650;-0.15;-0.36;9.50;3.84;7.38;7.40;33.02;973.8;0.1
33390;36.00;36.3;0;0.05;-0.90;10.11;-3.64;4.80;7.54;33.01;973.6;0.1
33410;35.90;36.3;2644;-0.09;-0.66;10.22;-1.85;-0.46;2.14;32.99;973.6;0.1
33431;35.90;36.4;0;-0.88;-2.80;9.96;-11.17;4.51;17.53;33.00;973.7;0.1
33451;35.90;36.4;2650;-0.01;-0.33;9.55;23.62;-34.88;33.79;32.98;974.5;0.1
33472;35.80;36.5;0;-0.09;-0.70;9.53;40.64;10.22;11.27;32.97;974.5;0.1
33492;35.80;36.5;2644;0.02;-0.63;9.53;0.64;-3.91;-3.58;32.96;974.3;0.1
33513;35.90;36.5;0;0.11;-0.55;9.57;-5.77;0.83;-4.75;32.96;974.4;0.1
33533;35.90;36.4;2650;-0.15;-0.70;9.76;-10.52;-2.12;-8.11;32.94;974.4;0.1
33554;35.90;36.4;0;0.23;-0.72;9.79;-5.21;2.71;-4.59;32.93;974.4;0.1
33574;35.90;36.4;2650;-0.05;-0.64;9.75;-11.72;-1.25;3.36;32.94;974.4;0.1
33595;35.90;36.4;0;-0.19;-0.68;9.80;10.10;-3.98;6.28;32.93;974.4;0.1
33615;35.90;36.3;2625;-3.29;2.61;14.52;-8.26;4.85;-9.17;32.92;974.4;0.1
33636;35.90;36.3;0;-3.37;2.69;14.54;-0.70;-0.69;-0.37;32.91;974.4;0.1
33656;35.90;36.3;2594;-3.24;2.87;12.94;-103.44;29.54;-9.75;32.89;974.5;0.1
33677;35.90;36.3;0;0.01;-0.42;4.65;-144.53;-6.27;41.13;32.86;974.9;0.1
33697;35.80;36.4;2644;0.08;-2.16;9.58;-5.66;-5.21;13.43;32.83;974.9;0.1
33718;35.80;36.3;0;-0.09;-2.60;8.22;-0.69;1.19;1.58;32.83;975.0;0.1
33738;35.80;36.3;2638;-0.67;-3.05;10.28;-13.77;7.10;-12.18;32.83;974.9;0.1
33758;35.80;36.4;0;-0.03;-2.54;8.16;-0.63;0.49;0.60;32.82;975.0;0.1
33778;35.80;36.4;2663;-0.06;-2.57;8.19;-0.60;0.57;0.60;32.82;975.0;0.2
33799;35.80;36.4;0;-0.03;-2.69;7.87;-0.64;-1.70;-0.87;32.83;974.9;0.1
33819;35.80;36.4;2713;0.10;-5.34;5.92;-41.95;-33.93;-24.23;32.83;974.9;0.2
33840;35.80;36.4;0;0.13;0.90;7.31;-0.27;0.31;0.89;32.81;974.9;0.2
33860;35.80;36.4;2756;-2.37;5.98;10.21;-7.34;4.38;46.40;32.80;975.0;0.1
33881;35.80;36.4;0;-0.17;-1.66;7.84;1.65;10.97;3.80;32.79;975.0;0.1
33901;35.80;36.4;2756;-0.19;-1.48;10.40;-0.01;-1.95;0.68;32.79;974.9;0.1
33922;35.80;36.4;0;-2.31;5.59;4.35;11.79;3.33;-14.56;32.79;974.9;0.1
33942;35.80;36.5;2769;-0.48;-0.16;11.25;-0.31;0.41;0.57;32.56;975.0;0.1
33963;35.80;39.8;0;-0.56;0.19;11.16;-0.47;0.63;0.68;32.38;975.0;0.1
33983;35.60;38.7;2713;-0.62;0.59;11.28;-0.38;0.55;0.51;32.31;974.9;0.1
34004;35.30;38.4;0;-15.36;-2.92;14.79;10.23;-19.91;-15.34;32.13;975.0;0.1
34024;35.00;38.8;2706;-0.45;-0.35;11.11;-1.13;-3.01;-1.40;31.98;974.9;0.1
34045;34.70;39.1;0;-0.20;-0.21;9.53;-28.63;-6.36;30.66;31.88;974.8;0.1
34065;34.50;39.5;2750;-1.17;-3.50;9.95;-31.42;23.40;-38.43;31.66;974.9;0.1
34086;34.30;41.6;0;-0.41;-3.55;6.84;3.10;2.06;3.42;31.55;974.9;0.1
34106;34.10;41.3;2756;0.04;-2.84;7.29;1.84;-0.10;1.69;31.22;974.9;0.1
34126;33.70;41.7;0;0.27;-1.21;8.91;6.76;10.23;-8.52;31.01;974.9;0.1
34147;33.50;43.2;2744;-0.62;-0.87;11.59;-0.52;0.43;0.48;30.96;975.0;0.1
34167;33.30;42.9;0;-0.65;-0.88;11.59;-0.53;0.28;0.37;30.97;975.0;0.1
34187;33.30;42.6;2781;-0.66;-1.83;6.27;6.74;46.91;6.96;30.93;974.9;0.1
34208;33.30;45.7;0;0.62;-1.08;9.37;80.18;-19.53;-0.85;31.01;974.9;0.1
34228;33.30;44.3;2763;-0.36;-1.12;7.36;-14.50;-4.34;-13.85;30.63;974.9;0.1
34249;33.20;42.4;0;0.23;-1.76;8.52;-1.43;-6.53;-0.18;30.11;974.8;0.1
34269;32.90;42.6;2788;-0.49;-3.00;6.40;-3.45;-13.79;-6.97;30.29;974.9;0.1
34290;32.60;42.9;0;-0.17;-2.74;8.07;2.32;-4.59;18.12;30.27;974.9;0.1
34310;32.50;45.0;2813;0.50;-1.41;5.62;-10.16;-5.91;-7.18;30.19;975.2;0.1
34331;32.40;44.0;0;-0.16;-1.88;7.07;3.16;-15.22;24.54;30.56;975.1;0.0
34351;32.30;45.2;2750;0.29;-1.02;7.49;-26.16;5.51;-1.28;29.96;974.8;0.1
34372;32.20;42.5;0;-0.11;1.49;6.59;4.97;-16.93;4.51;29.30;974.8;0.1
34392;32.00;42.6;2800;0.04;-0.64;7.16;2.21;-4.18;0.36;28.93;974.8;0.1
34413;31.80;43.6;0;-0.12;-3.41;7.73;-14.24;3.96;1.71;28.80;974.8;0.1
34433;31.60;44.9;2913;0.13;-1.22;7.11;3.39;-10.98;5.45;28.83;974.8;0.1
34454;31.60;45.4;0;-2.95;2.67;13.93;13.32;30.65;0.38;28.96;974.9;0.1
34474;31.60;46.8;2831;-3.41;-5.50;2.77;-1.31;16.33;20.07;29.21;974.9;0.1
34495;31.60;47.0;0;0.80;-1.45;8.45;-15.16;2.12;-7.64;29.35;974.9;0.1
34515;31.70;46.7;2844;0.03;-1.40;9.46;-35.45;-19.43;18.06;29.62;974.9;0.1
34535;31.90;45.9;0;-0.82;-1.18;4.05;9.50;11.27;21.15;29.34;974.8;0.1
34555;31.80;44.0;2769;0.28;-0.17;7.04;-0.13;1.19;-0.56;29.11;974.8;0.1
34576;31.70;45.2;0;0.15;-0.71;8.57;-0.77;-0.50;1.02;29.16;974.9;0.1
34596;31.70;45.4;2738;0.03;-1.02;8.91;-1.71;-0.31;-0.59;29.49;974.9;0.1
34617;31.80;45.4;0;0.32;-1.26;8.38;-60.95;11.20;-0.39;29.67;975.1;0.1
34637;31.90;44.8;2725;-0.04;-2.13;9.19;-0.85;-1.84;0.04;29.53;975.0;0.1
34658;31.90;45.5;0;-0.19;-2.33;9.19;-1.93;3.07;-1.98;29.46;974.9;0.1
34678;31.90;46.0;2725;-0.60;-3.37;9.92;-1.38;2.70;0.70;29.25;974.9;0.1
34699;31.90;45.6;0;-0.85;-3.63;10.68;-0.37;0.85;2.00;29.29;974.8;0.1
34719;32.00;45.0;2706;-0.14;-1.26;9.55;15.20;1.89;-4.27;29.32;974.9;0.4
34740;32.00;45.2;0;-0.05;-2.25;8.63;2.51;1.08;-1.27;29.45;975.0;0.3
34760;32.20;47.3;2681;0.16;-0.89;8.04;-3.24;-0.83;1.10;29.66;974.9;0.1
34781;32.60;45.7;0;0.05;-0.99;9.01;-4.25;5.54;4.50;29.73;975.0;0.1
34801;32.80;43.5;2663;-2.88;-6.74;6.45;55.31;10.83;6.28;29.78;974.8;0.1
34822;32.80;43.2;0;-0.29;-3.31;8.73;-0.64;0.30;0.46;29.84;975.0;0.1
34842;32.80;44.6;2669;-0.30;-3.32;8.28;-0.59;0.48;0.57;30.13;975.2;0.1
34863;33.10;45.0;0;-0.27;-3.33;8.07;-0.34;0.41;0.58;30.25;975.0;0.0
34883;33.10;43.9;2688;-0.16;-3.50;8.12;-1.16;-0.36;-0.27;30.40;975.1;0.1
34903;33.20;45.9;0;-0.20;-3.17;8.10;-0.58;-0.36;0.53;30.35;974.9;0.1
34924;33.30;43.4;2706;-0.19;-3.14;8.16;-0.60;0.34;0.64;30.35;975.0;0.1
34944;33.20;43.4;0;-0.24;-3.16;8.17;-0.63;0.28;0.52;30.35;975.0;0.1
34964;33.20;43.7;2719;-0.23;-3.20;8.21;-0.68;0.42;0.57;30.23;975.0;0.1
34985;33.20;43.4;0;-0.23;-3.18;8.18;-0.65;0.12;0.58;30.13;975.0;0.1
35005;33.10;43.7;2725;-0.20;-3.13;8.11;-0.64;0.50;0.52;30.05;975.0;0.1
35026;33.00;44.6;0;-0.20;-3.10;7.97;-0.55;0.64;0.48;30.08;975.0;0.1
35046;33.00;44.0;2719;-0.87;-3.43;6.11;-5.93;-28.71;-6.72;30.24;975.1;0.1
